,FHR
0,133.5
1,138.25
2,138.25
3,138.25
4,139.0
5,139.0
6,139.0
7,139.0
8,139.0
9,139.0
10,139.0
11,139.0
12,139.0
13,142.5
14,142.5
15,140.75
16,140.75
17,139.75
18,139.25
19,139.25
20,137.75
21,137.75
22,137.25
23,137.25
24,137.25
25,135.0
26,135.0
27,135.0
28,132.5
29,132.5
30,126.25
31,126.25
32,123.75
33,123.75
34,124.75
35,124.75
36,127.0
37,127.0
38,129.25
39,129.25
40,129.25
41,134.0
42,134.5
43,134.5
44,137.75
45,137.75
46,139.75
47,141.0
48,141.0
49,142.25
50,142.25
51,142.5
52,142.5
53,142.0
54,142.0
55,142.0
56,136.25
57,136.25
58,134.75
59,134.75
60,133.5
61,133.5
62,132.5
63,132.0
64,132.0
65,134.0
66,134.0
67,134.5
68,134.5
69,134.75
70,134.75
71,134.75
72,134.0
73,134.0
74,133.5
75,133.5
76,131.5
77,131.5
78,130.0
79,130.0
80,130.75
81,130.75
82,130.75
83,131.75
84,131.75
85,132.25
86,132.25
87,132.25
88,135.0
89,135.0
90,136.75
91,136.75
92,136.75
93,136.0
94,136.0
95,135.0
96,135.0
97,135.0
98,135.0
99,136.0
100,136.0
101,137.25
102,137.25
103,137.5
104,137.5
105,136.75
106,136.75
107,133.75
108,134.25
109,134.25
110,135.0
111,135.0
112,135.25
113,135.25
114,136.0
115,136.0
116,135.5
117,135.5
118,135.5
119,136.25
120,136.25
121,137.25
122,137.25
123,138.0
124,138.0
125,139.0
126,139.0
127,139.0
128,139.75
129,139.75
130,139.75
131,140.5
132,140.5
133,140.5
134,140.5
135,140.25
136,140.25
137,140.0
138,138.75
139,138.75
140,137.5
141,137.5
142,138.5
143,136.5
144,136.5
145,134.25
146,134.25
147,132.25
148,132.25
149,132.75
150,132.75
151,134.75
152,135.75
153,135.75
154,135.75
155,137.25
156,137.25
157,138.75
158,138.75
159,138.5
160,138.5
161,137.25
162,137.25
163,136.0
164,135.25
165,135.25
166,135.0
167,135.0
168,136.25
169,137.75
170,137.75
171,138.75
172,138.75
173,138.75
174,138.75
175,137.0
176,137.0
177,137.0
178,134.0
179,134.0
180,136.5
181,136.5
182,135.5
183,135.5
184,135.25
185,134.25
186,134.25
187,135.25
188,135.25
189,136.5
190,136.5
191,137.75
192,137.75
193,136.75
194,137.0
195,137.0
196,138.5
197,138.5
198,138.5
199,139.25
200,139.25
201,140.25
202,140.25
203,140.25
204,140.25
205,140.25
206,141.5
207,137.25
208,137.25
209,137.25
210,137.25
211,134.25
212,134.25
213,133.0
214,133.0
215,136.0
216,136.0
217,136.75
218,136.75
219,138.0
220,138.75
221,138.75
222,139.75
223,139.75
224,140.75
225,140.5
226,140.5
227,141.0
228,141.0
229,142.5
230,142.5
231,142.5
232,143.5
233,143.5
234,143.5
235,143.5
236,143.5
237,143.5
238,143.5
239,143.5
240,139.0
241,139.0
242,136.25
243,136.25
244,136.75
245,138.25
246,138.25
247,140.25
248,140.25
249,140.5
250,141.25
251,141.25
252,142.25
253,142.25
254,142.5
255,142.5
256,142.5
257,144.0
258,143.25
259,143.25
260,143.5
261,143.5
262,144.5
263,144.75
264,144.75
265,144.75
266,144.75
267,144.75
268,143.25
269,143.25
270,143.75
271,143.75
272,145.0
273,145.0
274,145.0
275,144.25
276,144.25
277,144.75
278,144.75
279,145.0
280,145.0
281,145.0
282,144.75
283,143.25
284,143.25
285,142.5
286,142.5
287,142.5
288,141.5
289,141.5
290,141.0
291,139.25
292,139.25
293,138.0
294,138.0
295,138.25
296,138.25
297,138.75
298,139.25
299,139.25
300,139.25
301,140.75
302,140.75
303,140.75
304,141.25
305,141.25
306,140.25
307,139.75
308,139.75
309,140.0
310,140.0
311,140.0
312,140.75
313,140.75
314,141.0
315,141.0
316,142.0
317,142.0
318,143.25
319,143.75
320,143.75
321,144.25
322,144.25
323,144.5
324,145.0
325,145.0
326,145.25
327,145.25
328,145.25
329,145.0
330,145.0
331,145.0
332,145.0
333,145.0
334,145.0
335,145.0
336,143.0
337,143.0
338,143.0
339,143.0
340,143.0
341,143.0
342,144.25
343,144.25
344,127.75
345,127.75
346,127.75
347,131.5
348,131.5
349,133.25
350,133.25
351,135.25
352,135.25
353,135.75
354,136.0
355,136.0
356,136.0
357,132.5
358,132.25
359,132.25
360,135.5
361,135.5
362,136.5
363,136.5
364,137.25
365,138.5
366,138.5
367,138.5
368,141.5
369,141.5
370,142.5
371,142.5
372,143.75
373,143.75
374,145.5
375,145.5
376,145.75
377,144.25
378,144.25
379,139.75
380,139.75
381,140.5
382,140.5
383,142.0
384,142.0
385,142.75
386,142.0
387,142.0
388,141.75
389,141.75
390,141.75
391,143.75
392,143.75
393,142.25
394,142.25
395,139.75
396,139.75
397,139.75
398,138.75
399,138.75
400,137.75
401,137.75
402,137.0
403,136.25
404,136.25
405,137.0
406,137.0
407,135.5
408,135.5
409,135.25
410,135.25
411,135.25
412,135.25
413,135.25
414,135.25
415,135.25
416,135.25
417,125.75
418,125.75
419,126.25
420,133.75
421,133.75
422,136.75
423,136.75
424,137.25
425,137.25
426,138.5
427,138.75
428,138.75
429,138.75
430,138.75
431,139.5
432,139.5
433,141.0
434,140.25
435,140.25
436,136.75
437,136.75
438,134.75
439,134.75
440,134.75
441,139.0
442,139.0
443,140.0
444,140.0
445,140.75
446,140.75
447,141.75
448,142.5
449,142.5
450,144.25
451,146.0
452,146.0
453,147.0
454,147.0
455,147.5
456,148.5
457,148.5
458,148.75
459,148.75
460,149.75
461,150.5
462,150.5
463,151.0
464,151.25
465,151.25
466,151.75
467,151.75
468,153.75
469,153.75
470,153.75
471,153.75
472,153.5
473,153.5
474,153.5
475,153.5
476,153.75
477,154.0
478,154.0
479,154.0
480,154.25
481,154.25
482,154.75
483,153.5
484,153.5
485,153.0
486,153.0
487,153.0
488,153.0
489,153.0
490,153.25
491,153.25
492,153.75
493,153.75
494,154.25
495,155.0
496,155.0
497,155.0
498,155.0
499,150.75
500,150.75
501,149.75
502,149.5
503,149.5
504,148.25
505,148.25
506,146.25
507,145.25
508,145.25
509,144.0
510,144.0
511,143.75
512,143.75
513,143.75
514,142.0
515,142.0
516,141.0
517,141.0
518,141.0
519,141.0
520,141.0
521,141.0
522,141.0
523,141.0
524,140.0
525,140.0
526,111.375
527,82.75
528,82.75
529,82.75
530,82.75
531,82.75
532,82.75
533,82.75
534,82.75
535,81.0
536,81.0
537,81.0
538,81.0
539,75.5
540,75.5
541,90.0
542,90.0
543,90.0
544,90.0
545,90.0
546,83.5
547,77.0
548,70.5
549,64.0
550,57.5
551,51.0
552,51.0
553,51.0
554,51.0
555,51.0
556,51.0
557,51.0
558,51.0
559,51.0
560,51.0
561,51.0
562,57.94230769230769
563,64.88461538461539
564,71.82692307692308
565,78.76923076923077
566,85.71153846153845
567,92.65384615384616
568,99.59615384615384
569,106.53846153846155
570,113.48076923076923
571,120.42307692307692
572,127.36538461538461
573,134.30769230769232
574,141.25
575,141.25
576,138.75
577,138.75
578,138.25
579,138.75
580,138.75
581,139.25
582,139.25
583,135.75
584,135.75
585,137.25
586,138.25
587,138.25
588,138.25
589,139.25
590,139.25
591,139.0
592,139.0
593,142.25
594,142.25
595,144.25
596,144.25
597,146.75
598,146.75
599,148.75
600,148.75
601,147.75
602,147.75
603,148.0
604,148.0
605,150.75
606,150.75
607,151.0
608,150.5
609,150.5
610,150.25
611,150.75
612,150.75
613,150.25
614,149.75
615,149.75
616,150.0
617,150.0
618,149.25
619,149.25
620,148.5
621,148.5
622,148.5
623,148.5
624,148.5
625,149.5
626,149.5
627,150.0
628,150.0
629,144.5
630,144.5
631,142.25
632,142.25
633,141.25
634,141.25
635,141.5
636,141.5
637,143.75
638,143.75
639,146.5
640,147.0
641,147.0
642,147.0
643,146.25
644,146.25
645,145.5
646,145.5
647,145.5
648,146.25
649,146.25
650,148.0
651,148.0
652,148.75
653,150.0
654,150.0
655,150.75
656,151.25
657,151.25
658,150.75
659,150.75
660,149.5
661,149.25
662,149.25
663,149.5
664,149.5
665,149.75
666,149.75
667,148.25
668,148.25
669,150.0
670,150.0
671,149.5
672,147.75
673,147.75
674,147.0
675,147.0
676,147.25
677,146.25
678,146.25
679,146.75
680,146.75
681,147.0
682,146.5
683,146.5
684,147.0
685,147.0
686,147.0
687,147.0
688,146.5
689,146.5
690,146.25
691,146.25
692,146.25
693,146.25
694,146.25
695,148.5
696,148.5
697,147.75
698,147.75
699,143.5
700,143.5
701,141.0
702,141.0
703,139.0
704,139.0
705,140.0
706,140.75
707,140.75
708,140.75
709,139.0
710,139.0
711,139.0
712,139.0
713,135.25
714,137.75
715,137.75
716,139.75
717,139.75
718,139.75
719,145.5
720,145.5
721,146.25
722,146.25
723,147.0
724,147.0
725,148.0
726,148.0
727,150.75
728,150.75
729,151.0
730,150.75
731,150.75
732,150.5
733,150.5
734,150.0
735,146.25
736,146.25
737,141.25
738,141.25
739,139.5
740,139.5
741,139.0
742,138.25
743,138.25
744,137.75
745,137.75
746,140.25
747,140.25
748,141.75
749,141.75
750,142.75
751,144.25
752,144.25
753,143.75
754,143.75
755,141.0
756,141.0
757,139.25
758,138.5
759,138.5
760,138.5
761,136.5
762,136.5
763,136.25
764,136.25
765,136.75
766,136.75
767,137.5
768,137.5
769,137.75
770,136.0
771,136.0
772,136.0
773,136.0
774,137.0
775,137.0
776,137.0
777,139.25
778,139.25
779,140.75
780,142.5
781,142.5
782,143.5
783,143.5
784,145.0
785,145.0
786,145.75
787,145.75
788,142.0
789,142.0
790,140.5
791,140.5
792,136.25
793,136.25
794,132.5
795,130.5
796,130.5
797,130.75
798,130.75
799,130.75
800,130.75
801,134.25
802,132.5
803,132.5
804,132.5
805,132.5
806,133.5
807,133.5
808,134.25
809,134.25
810,134.0
811,134.0
812,134.0
813,134.0
814,134.25
815,134.25
816,134.5
817,134.5
818,134.75
819,134.75
820,134.75
821,134.5
822,134.5
823,134.0
824,134.0
825,134.75
826,134.75
827,136.25
828,136.25
829,137.0
830,137.0
831,137.25
832,137.25
833,135.25
834,135.25
835,135.25
836,135.25
837,135.25
838,136.0
839,136.0
840,134.75
841,134.75
842,133.75
843,133.75
844,134.0
845,134.0
846,137.0
847,137.0
848,138.0
849,138.75
850,138.75
851,140.25
852,140.25
853,140.25
854,141.0
855,141.0
856,141.75
857,141.75
858,141.25
859,141.25
860,139.5
861,139.5
862,140.0
863,140.0
864,140.0
865,140.5
866,140.5
867,140.75
868,140.75
869,140.75
870,141.0
871,141.0
872,141.0
873,142.25
874,142.25
875,137.0
876,137.0
877,136.0
878,136.0
879,136.0
880,132.0
881,132.0
882,131.75
883,131.75
884,131.75
885,126.5
886,127.0
887,127.0
888,127.0
889,134.75
890,134.75
891,135.75
892,135.75
893,135.5
894,135.5
895,136.25
896,137.75
897,137.75
898,139.25
899,139.25
900,140.25
901,140.25
902,140.25
903,145.0
904,145.0
905,144.75
906,144.5
907,144.5
908,144.5
909,144.25
910,144.25
911,142.5
912,142.5
913,142.5
914,142.5
915,142.5
916,142.5
917,142.5
918,142.5
919,142.5
920,148.25
921,148.25
922,148.25
923,148.5
924,148.5
925,148.75
926,148.75
927,149.25
928,149.75
929,149.75
930,149.5
931,149.5
932,149.5
933,149.5
934,149.5
935,147.75
936,147.5
937,147.5
938,148.5
939,148.5
940,147.25
941,146.0
942,146.0
943,144.0
944,144.0
945,143.0
946,141.75
947,141.75
948,140.0
949,140.0
950,138.25
951,138.25
952,138.25
953,134.0
954,134.0
955,138.0
956,138.0
957,140.0
958,140.0
959,141.75
960,141.75
961,141.75
962,142.25
963,142.25
964,142.25
965,143.0
966,143.0
967,141.0
968,141.0
969,141.0
970,141.75
971,144.0
972,144.0
973,144.0
974,145.5
975,146.0
976,146.0
977,146.0
978,147.75
979,147.75
980,147.5
981,147.5
982,147.5
983,147.5
984,147.5
985,147.5
986,147.5
987,147.5
988,147.5
989,147.5
990,147.5
991,147.5
992,136.5
993,136.5
994,137.25
995,137.25
996,138.25
997,138.25
998,138.25
999,137.5
1000,137.5
1001,138.25
1002,139.5
1003,139.5
1004,140.75
1005,140.75
1006,142.75
1007,142.75
1008,143.5
1009,144.0
1010,144.0
1011,143.25
1012,143.25
1013,143.25
1014,142.0
1015,142.0
1016,142.0
1017,136.0
1018,136.0
1019,136.0
1020,136.0
1021,136.25
1022,135.25
1023,135.25
1024,135.25
1025,135.25
1026,135.75
1027,137.0
1028,137.0
1029,137.0
1030,138.0
1031,138.0
1032,132.25
1033,132.25
1034,128.5
1035,128.5
1036,130.25
1037,130.25
1038,129.0
1039,126.25
1040,126.25
1041,124.5
1042,124.5
1043,125.5
1044,125.5
1045,130.0
1046,130.0
1047,130.5
1048,130.0
1049,130.0
1050,129.75
1051,129.75
1052,131.0
1053,131.0
1054,131.5
1055,131.5
1056,131.5
1057,131.5
1058,124.5
1059,124.5
1060,125.5
1061,125.5
1062,128.0
1063,128.0
1064,130.75
1065,130.75
1066,130.75
1067,131.75
1068,131.75
1069,133.0
1070,133.0
1071,134.75
1072,134.75
1073,135.5
1074,136.0
1075,136.0
1076,135.5
1077,135.5
1078,134.5
1079,134.5
1080,129.75
1081,129.75
1082,127.5
1083,127.5
1084,127.5
1085,127.5
1086,127.25
1087,127.25
1088,119.75
1089,119.75
1090,114.75
1091,114.75
1092,114.75
1093,114.75
1094,112.5
1095,112.5
1096,112.5
1097,122.0
1098,122.0
1099,123.5
1100,124.25
1101,124.25
1102,126.25
1103,126.25
1104,129.5
1105,129.5
1106,131.75
1107,131.75
1108,134.0
1109,134.0
1110,136.75
1111,136.75
1112,138.5
1113,138.5
1114,137.0
1115,137.0
1116,133.75
1117,133.75
1118,133.75
1119,132.25
1120,132.25
1121,135.0
1122,135.75
1123,135.75
1124,129.75
1125,129.75
1126,130.5
1127,130.5
1128,132.0
1129,132.0
1130,132.0
1131,132.0
1132,132.0
1133,132.0
1134,133.25
1135,133.25
1136,133.75
1137,133.0
1138,133.0
1139,127.5
1140,127.5
1141,127.25
1142,127.25
1143,122.25
1144,122.25
1145,121.5
1146,121.5
1147,123.0
1148,123.0
1149,123.0
1150,121.0
1151,121.0
1152,120.25
1153,120.25
1154,120.25
1155,126.25
1156,126.25
1157,128.25
1158,129.5
1159,129.5
1160,129.5
1161,131.0
1162,131.0
1163,131.0
1164,131.25
1165,131.25
1166,131.25
1167,131.25
1168,134.0
1169,134.0
1170,136.5
1171,136.5
1172,138.25
1173,138.25
1174,138.25
1175,138.25
1176,134.25
1177,134.25
1178,129.25
1179,129.25
1180,127.75
1181,127.75
1182,126.5
1183,126.5
1184,123.75
1185,123.75
1186,123.75
1187,123.75
1188,124.75
1189,124.75
1190,129.5
1191,133.25
1192,133.25
1193,134.25
1194,134.25
1195,134.25
1196,134.25
1197,132.75
1198,132.75
1199,132.0
1200,133.0
1201,133.0
1202,134.75
1203,134.75
1204,135.75
1205,135.75
1206,136.0
1207,136.75
1208,136.75
1209,138.0
1210,138.0
1211,138.75
1212,138.75
1213,138.75
1214,137.25
1215,137.25
1216,134.25
1217,134.25
1218,131.5
1219,131.5
1220,129.0
1221,130.5
1222,130.5
1223,132.75
1224,132.75
1225,136.0
1226,136.0
1227,136.0
1228,134.75
1229,134.75
1230,134.75
1231,132.75
1232,133.0
1233,133.0
1234,133.25
1235,133.25
1236,131.0
1237,131.0
1238,130.25
1239,130.25
1240,130.25
1241,136.5
1242,136.5
1243,138.0
1244,138.0
1245,139.0
1246,139.0
1247,140.25
1248,140.25
1249,141.75
1250,141.75
1251,142.25
1252,143.0
1253,143.0
1254,144.25
1255,144.25
1256,144.5
1257,145.0
1258,145.0
1259,145.0
1260,144.75
1261,144.75
1262,144.25
1263,139.75
1264,139.75
1265,136.0
1266,136.0
1267,134.0
1268,134.0
1269,133.5
1270,133.5
1271,133.5
1272,133.5
1273,126.75
1274,126.75
1275,125.75
1276,125.75
1277,129.25
1278,129.25
1279,128.75
1280,126.5
1281,126.5
1282,125.5
1283,125.5
1284,126.5
1285,126.5
1286,128.5
1287,128.5
1288,128.75
1289,128.75
1290,128.75
1291,128.75
1292,130.5
1293,130.5
1294,132.75
1295,132.75
1296,133.5
1297,133.5
1298,133.5
1299,130.5
1300,130.5
1301,130.0
1302,130.0
1303,130.0
1304,130.0
1305,130.0
1306,128.0
1307,128.0
1308,131.5
1309,131.5
1310,134.5
1311,134.5
1312,135.5
1313,137.0
1314,137.0
1315,138.5
1316,138.5
1317,138.5
1318,139.0
1319,139.0
1320,139.0
1321,139.0
1322,138.75
1323,138.75
1324,139.25
1325,139.25
1326,137.5
1327,137.5
1328,137.5
1329,136.5
1330,136.5
1331,136.5
1332,136.5
1333,136.5
1334,136.5
1335,136.5
1336,136.5
1337,138.0
1338,138.0
1339,139.0
1340,139.0
1341,139.5
1342,139.5
1343,139.5
1344,140.75
1345,139.25
1346,139.25
1347,138.75
1348,138.75
1349,138.75
1350,138.75
1351,138.75
1352,138.75
1353,138.75
1354,138.75
1355,138.75
1356,141.5
1357,141.5
1358,141.5
1359,140.25
1360,140.25
1361,140.25
1362,139.5
1363,139.5
1364,140.0
1365,140.0
1366,141.75
1367,141.75
1368,141.75
1369,139.75
1370,139.75
1371,139.0
1372,139.0
1373,139.0
1374,139.0
1375,139.0
1376,139.0
1377,139.0
1378,139.0
1379,141.5
1380,142.5
1381,142.5
1382,142.5
1383,138.75
1384,138.75
1385,138.75
1386,138.75
1387,138.25
1388,138.25
1389,138.25
1390,138.25
1391,135.5
1392,135.5
1393,135.25
1394,135.25
1395,135.25
1396,135.25
1397,135.25
1398,135.25
1399,136.5
1400,137.75
1401,137.75
1402,137.75
1403,137.75
1404,138.75
1405,138.75
1406,139.75
1407,140.5
1408,140.5
1409,140.75
1410,140.75
1411,140.75
1412,141.25
1413,141.25
1414,140.75
1415,140.75
1416,141.0
1417,141.0
1418,141.0
1419,141.0
1420,139.75
1421,139.75
1422,138.75
1423,138.75
1424,140.75
1425,140.75
1426,139.0
1427,139.0
1428,137.0
1429,137.0
1430,137.0
1431,136.5
1432,136.5
1433,136.5
1434,136.5
1435,136.5
1436,135.58333333333334
1437,134.66666666666666
1438,133.75
1439,133.75
1440,134.25
1441,134.25
1442,134.25
1443,132.0
1444,132.0
1445,130.5
1446,130.5
1447,130.5
1448,130.5
1449,126.25
1450,126.25
1451,126.75
1452,126.75
1453,129.25
1454,129.25
1455,129.25
1456,135.25
1457,135.25
1458,132.5
1459,132.5
1460,132.5
1461,131.5
1462,131.5
1463,131.5
1464,131.5
1465,126.0
1466,126.0
1467,126.0
1468,121.25
1469,121.25
1470,121.25
1471,121.25
1472,121.25
1473,121.25
1474,121.25
1475,121.25
1476,120.0
1477,120.0
1478,120.0
1479,120.0
1480,117.63888888888889
1481,115.27777777777777
1482,112.91666666666667
1483,110.55555555555556
1484,108.19444444444444
1485,105.83333333333333
1486,103.47222222222223
1487,101.11111111111111
1488,98.75
1489,98.75
1490,98.75
1491,98.75
1492,98.75
1493,98.75
1494,112.0
1495,125.25
1496,138.5
1497,138.5
1498,138.5
1499,138.5
1500,139.0
1501,139.25
1502,139.25
1503,140.0
1504,140.0
1505,140.0
1506,137.5
1507,137.5
1508,137.0
1509,138.5
1510,138.5
1511,139.75
1512,139.75
1513,139.75
1514,140.5
1515,140.5
1516,141.0
1517,141.0
1518,141.25
1519,141.5
1520,141.5
1521,142.0
1522,143.0
1523,143.0
1524,143.0
1525,145.0
1526,145.0
1527,143.5
1528,143.5
1529,143.0
1530,143.0
1531,143.0
1532,143.0
1533,139.0
1534,139.0
1535,132.75
1536,132.75
1537,132.75
1538,129.5
1539,129.5
1540,133.25
1541,133.25
1542,134.5
1543,134.5
1544,135.0
1545,135.0
1546,130.25
1547,130.25
1548,130.25
1549,130.25
1550,130.25
1551,130.25
1552,130.25
1553,126.75
1554,126.75
1555,127.25
1556,130.75
1557,130.75
1558,130.25
1559,130.25
1560,130.25
1561,129.5
1562,129.5
1563,134.25
1564,134.25
1565,134.25
1566,136.0
1567,136.0
1568,134.0
1569,134.0
1570,134.25
1571,134.25
1572,134.5
1573,135.5
1574,135.5
1575,132.0
1576,132.0
1577,133.5
1578,133.5
1579,133.75
1580,133.75
1581,130.25
1582,128.75
1583,128.75
1584,128.75
1585,124.5
1586,124.5
1587,122.25
1588,122.25
1589,122.0
1590,122.0
1591,129.75
1592,129.75
1593,133.75
1594,133.75
1595,130.25
1596,130.25
1597,128.0
1598,128.0
1599,128.0
1600,127.25
1601,127.25
1602,130.75
1603,130.75
1604,132.25
1605,132.25
1606,132.25
1607,129.25
1608,129.25
1609,129.25
1610,137.75
1611,138.75
1612,138.75
1613,138.25
1614,138.25
1615,137.0
1616,137.0
1617,136.5
1618,135.75
1619,135.75
1620,133.5
1621,133.5
1622,133.5
1623,132.0
1624,132.0
1625,135.0
1626,135.0
1627,137.25
1628,137.25
1629,138.25
1630,138.25
1631,138.25
1632,138.25
1633,138.25
1634,138.25
1635,138.25
1636,138.25
1637,138.25
1638,138.25
1639,138.25
1640,138.25
1641,138.25
1642,126.25
1643,126.25
1644,122.5
1645,122.5
1646,114.0
1647,114.0
1648,116.25
1649,116.25
1650,118.75
1651,118.75
1652,123.0
1653,123.0
1654,126.0
1655,126.0
1656,126.0
1657,124.75
1658,124.75
1659,124.5
1660,124.5
1661,122.25
1662,122.25
1663,121.0
1664,121.0
1665,127.75
1666,127.75
1667,132.0
1668,132.0
1669,133.5
1670,135.0
1671,135.0
1672,135.0
1673,137.0
1674,136.0
1675,136.0
1676,135.5
1677,135.5
1678,136.5
1679,136.5
1680,136.5
1681,137.25
1682,137.25
1683,138.0
1684,139.0
1685,139.0
1686,139.0
1687,139.75
1688,139.75
1689,138.25
1690,138.25
1691,137.5
1692,137.25
1693,137.25
1694,134.75
1695,134.75
1696,134.75
1697,140.5
1698,140.5
1699,141.0
1700,141.0
1701,141.75
1702,139.5
1703,139.5
1704,139.5
1705,139.5
1706,136.25
1707,138.5
1708,138.5
1709,140.25
1710,140.25
1711,140.25
1712,144.0
1713,144.0
1714,144.25
1715,144.25
1716,146.25
1717,146.25
1718,146.5
1719,146.5
1720,146.5
1721,146.0
1722,145.25
1723,145.25
1724,144.25
1725,144.25
1726,144.25
1727,144.25
1728,144.25
1729,146.75
1730,146.0
1731,146.0
1732,146.0
1733,146.0
1734,145.75
1735,145.75
1736,145.75
1737,146.0
1738,146.0
1739,146.0
1740,146.75
1741,146.75
1742,147.25
1743,148.5
1744,148.5
1745,149.75
1746,149.75
1747,151.0
1748,151.0
1749,151.75
1750,151.75
1751,151.5
1752,151.5
1753,149.25
1754,149.25
1755,150.5
1756,150.5
1757,150.5
1758,151.25
1759,151.25
1760,151.25
1761,151.25
1762,151.25
1763,151.25
1764,136.5
1765,136.5
1766,134.5
1767,133.75
1768,133.75
1769,136.25
1770,136.25
1771,138.0
1772,139.5
1773,139.5
1774,139.5
1775,144.5
1776,144.5
1777,146.0
1778,147.5
1779,147.5
1780,148.0
1781,148.0
1782,148.0
1783,149.5
1784,149.5
1785,149.5
1786,151.0
1787,151.0
1788,151.0
1789,151.75
1790,151.75
1791,151.5
1792,151.0
1793,151.0
1794,150.25
1795,150.25
1796,150.25
1797,147.5
1798,147.5
1799,151.0
1800,151.0
1801,150.25
1802,148.5
1803,148.5
1804,148.0
1805,148.0
1806,148.0
1807,148.0
1808,148.0
1809,148.0
1810,148.0
1811,148.0
1812,148.0
1813,148.25
1814,149.0
1815,149.0
1816,149.25
1817,149.25
1818,148.75
1819,148.75
1820,147.0
1821,146.5
1822,146.5
1823,146.0
1824,146.0
1825,146.0
1826,144.5
1827,144.5
1828,147.25
1829,148.5
1830,148.5
1831,148.5
1832,149.0
1833,149.0
1834,149.0
1835,149.0
1836,149.0
1837,149.0
1838,149.0
1839,141.0
1840,141.0
1841,141.0
1842,140.0
1843,140.0
1844,137.5
1845,136.0
1846,136.0
1847,136.0
1848,136.0
1849,137.5
1850,137.5
1851,138.75
1852,141.75
1853,141.75
1854,143.25
1855,145.0
1856,145.0
1857,145.75
1858,145.75
1859,145.75
1860,148.25
1861,148.25
1862,149.25
1863,149.5
1864,149.5
1865,149.5
1866,150.75
1867,150.75
1868,150.75
1869,150.75
1870,152.25
1871,152.25
1872,152.5
1873,152.5
1874,152.5
1875,152.5
1876,149.75
1877,149.75
1878,147.0
1879,143.75
1880,143.75
1881,143.75
1882,138.75
1883,137.5
1884,137.5
1885,137.5
1886,137.0
1887,137.0
1888,137.0
1889,137.0
1890,137.0
1891,137.0
1892,130.0
1893,130.0
1894,127.5
1895,127.0
1896,127.0
1897,127.75
1898,127.75
1899,127.75
1900,128.0
1901,128.0
1902,128.0
1903,128.0
1904,128.0
1905,128.0
1906,128.0
1907,135.5
1908,135.5
1909,135.75
1910,135.75
1911,137.25
1912,138.0
1913,138.0
1914,135.25
1915,135.25
1916,134.0
1917,134.0
1918,130.25
1919,130.25
1920,129.75
1921,129.75
1922,129.75
1923,134.5
1924,134.5
1925,134.5
1926,141.0
1927,141.0
1928,143.0
1929,143.0
1930,143.5
1931,143.5
1932,143.5
1933,144.75
1934,144.75
1935,144.25
1936,145.0
1937,145.0
1938,144.5
1939,144.5
1940,146.5
1941,147.25
1942,147.25
1943,146.75
1944,146.75
1945,146.0
1946,146.0
1947,143.5
1948,139.75
1949,139.75
1950,137.75
1951,137.75
1952,137.75
1953,131.75
1954,131.75
1955,131.75
1956,131.75
1957,129.0
1958,129.0
1959,131.75
1960,131.75
1961,133.5
1962,136.25
1963,136.25
1964,136.75
1965,136.75
1966,136.75
1967,136.75
1968,137.25
1969,137.5
1970,137.5
1971,136.5
1972,136.5
1973,136.5
1974,136.5
1975,136.5
1976,136.5
1977,136.5
1978,136.5
1979,134.5
1980,134.5
1981,134.5
1982,134.25
1983,135.25
1984,135.25
1985,137.5
1986,137.5
1987,136.25
1988,136.25
1989,135.25
1990,135.25
1991,135.0
1992,135.0
1993,135.5
1994,135.5
1995,134.0
1996,134.0
1997,134.0
1998,133.5
1999,133.5
2000,133.5
2001,133.5
2002,133.5
2003,133.5
2004,133.5
2005,133.5
2006,130.7
2007,127.9
2008,125.1
2009,122.3
2010,119.5
2011,119.5
2012,119.5
2013,119.5
2014,114.75
2015,114.75
2016,114.75
2017,114.75
2018,114.75
2019,113.0
2020,113.0
2021,114.25
2022,114.25
2023,114.25
2024,114.25
2025,114.75
2026,114.75
2027,114.75
2028,114.75
2029,114.75
2030,114.75
2031,114.75
2032,113.3125
2033,111.875
2034,110.4375
2035,109.0
2036,109.0
2037,109.0
2038,109.0
2039,109.0
2040,109.0
2041,109.0
2042,109.0
2043,109.0
2044,109.0
2045,109.0
2046,119.25
2047,129.5
2048,139.75
2049,139.75
2050,139.75
2051,135.25
2052,135.25
2053,135.25
2054,130.0
2055,130.0
2056,125.75
2057,125.75
2058,121.5
2059,121.5
2060,121.0
2061,120.75
2062,120.75
2063,122.5
2064,122.5
2065,128.25
2066,128.25
2067,131.5
2068,131.5
2069,132.0
2070,132.0
2071,131.25
2072,131.25
2073,131.25
2074,129.5
2075,129.5
2076,128.75
2077,128.75
2078,131.5
2079,134.0
2080,134.0
2081,135.0
2082,135.0
2083,133.0
2084,133.0
2085,129.75
2086,129.75
2087,129.0
2088,129.0
2089,131.0
2090,131.0
2091,133.0
2092,134.25
2093,134.25
2094,135.75
2095,135.75
2096,136.75
2097,136.75
2098,136.75
2099,137.5
2100,137.5
2101,141.0
2102,141.0
2103,142.5
2104,142.5
2105,143.5
2106,143.5
2107,142.75
2108,142.75
2109,138.0
2110,138.0
2111,134.25
2112,133.75
2113,133.75
2114,133.25
2115,133.25
2116,133.75
2117,133.75
2118,133.25
2119,134.0
2120,134.0
2121,136.25
2122,136.25
2123,136.25
2124,141.25
2125,141.25
2126,143.0
2127,144.25
2128,144.25
2129,146.5
2130,146.5
2131,148.5
2132,148.5
2133,148.5
2134,148.5
2135,148.5
2136,148.5
2137,148.5
2138,148.5
2139,142.75
2140,142.75
2141,140.5
2142,140.0
2143,140.0
2144,138.5
2145,138.5
2146,138.0
2147,138.0
2148,138.0
2149,140.75
2150,140.75
2151,142.25
2152,142.25
2153,144.5
2154,145.25
2155,145.25
2156,146.5
2157,146.5
2158,149.0
2159,149.75
2160,149.75
2161,150.0
2162,150.25
2163,150.25
2164,150.5
2165,150.5
2166,147.0
2167,147.0
2168,144.5
2169,142.0
2170,142.0
2171,140.75
2172,140.75
2173,139.25
2174,139.25
2175,137.0
2176,137.0
2177,137.0
2178,124.75
2179,124.75
2180,125.0
2181,128.5
2182,128.5
2183,132.25
2184,132.25
2185,136.0
2186,139.0
2187,139.0
2188,139.0
2189,142.75
2190,142.75
2191,146.0
2192,146.0
2193,144.5
2194,144.5
2195,141.25
2196,141.25
2197,139.75
2198,140.25
2199,140.25
2200,141.75
2201,141.75
2202,143.75
2203,145.5
2204,145.5
2205,146.5
2206,147.5
2207,147.5
2208,147.5
2209,148.75
2210,148.75
2211,149.0
2212,149.0
2213,149.25
2214,149.25
2215,149.5
2216,149.75
2217,149.75
2218,149.75
2219,149.75
2220,148.25
2221,148.25
2222,147.5
2223,147.5
2224,147.0
2225,147.0
2226,147.0
2227,147.0
2228,138.75
2229,138.75
2230,138.25
2231,138.25
2232,138.25
2233,138.25
2234,138.25
2235,138.5
2236,138.5
2237,140.0
2238,141.5
2239,143.0
2240,144.75
2241,144.75
2242,146.0
2243,146.0
2244,147.75
2245,148.75
2246,148.75
2247,149.5
2248,149.5
2249,150.5
2250,150.5
2251,152.25
2252,152.25
2253,152.25
2254,156.0
2255,156.0
2256,154.25
2257,154.25
2258,154.5
2259,154.5
2260,155.0
2261,155.0
2262,153.75
2263,153.75
2264,148.25
2265,148.25
2266,145.5
2267,145.5
2268,148.75
2269,148.75
2270,148.75
2271,147.5
2272,147.5
2273,146.5
2274,146.5
2275,146.5
2276,145.25
2277,145.25
2278,147.0
2279,147.0
2280,143.0
2281,143.0
2282,141.0
2283,141.0
2284,141.5
2285,141.5
2286,140.25
2287,139.5
2288,139.5
2289,139.5
2290,132.75
2291,132.75
2292,134.5
2293,134.5
2294,140.0
2295,140.0
2296,140.0
2297,142.5
2298,143.5
2299,143.5
2300,145.5
2301,145.5
2302,145.5
2303,146.5
2304,146.5
2305,146.5
2306,146.0
2307,146.0
2308,145.75
2309,145.75
2310,146.75
2311,147.75
2312,147.75
2313,148.75
2314,148.75
2315,150.0
2316,151.25
2317,151.25
2318,151.25
2319,153.5
2320,153.75
2321,153.75
2322,153.0
2323,153.0
2324,153.0
2325,153.75
2326,153.75
2327,153.75
2328,152.5
2329,152.5
2330,150.75
2331,150.75
2332,151.0
2333,151.0
2334,150.5
2335,150.5
2336,150.5
2337,151.25
2338,150.75
2339,150.75
2340,150.0
2341,150.0
2342,148.5
2343,147.25
2344,147.25
2345,142.5
2346,142.5
2347,141.25
2348,142.0
2349,142.0
2350,142.0
2351,143.0
2352,143.0
2353,141.25
2354,141.25
2355,142.0
2356,142.0
2357,142.0
2358,144.5
2359,144.5
2360,146.5
2361,146.5
2362,143.75
2363,143.75
2364,144.0
2365,144.0
2366,146.0
2367,146.0
2368,147.25
2369,147.25
2370,148.5
2371,148.5
2372,149.5
2373,150.5
2374,150.5
2375,151.0
2376,151.0
2377,153.0
2378,153.0
2379,153.25
2380,153.25
2381,153.0
2382,153.0
2383,151.75
2384,149.0
2385,149.0
2386,145.75
2387,144.25
2388,144.25
2389,143.0
2390,143.0
2391,143.0
2392,143.0
2393,143.0
2394,143.25
2395,143.25
2396,144.75
2397,144.75
2398,145.5
2399,145.5
2400,148.0
2401,148.0
2402,147.75
2403,147.75
2404,147.75
2405,147.5
2406,147.5
2407,149.0
2408,149.0
2409,149.0
2410,150.5
2411,150.75
2412,150.75
2413,151.25
2414,150.5
2415,150.5
2416,151.75
2417,151.75
2418,152.75
2419,152.75
2420,153.25
2421,153.25
2422,153.25
2423,153.5
2424,153.5
2425,153.5
2426,153.5
2427,153.5
2428,153.5
2429,152.75
2430,152.75
2431,152.25
2432,152.25
2433,152.25
2434,152.25
2435,152.25
2436,149.75
2437,149.75
2438,149.5
2439,149.5
2440,149.5
2441,148.0
2442,148.0
2443,149.0
2444,149.0
2445,150.75
2446,150.75
2447,152.25
2448,152.25
2449,153.5
2450,153.75
2451,153.75
2452,153.75
2453,153.75
2454,154.25
2455,154.25
2456,154.75
2457,154.75
2458,155.0
2459,155.0
2460,155.0
2461,155.0
2462,155.0
2463,155.0
2464,155.0
2465,157.375
2466,159.75
2467,159.75
2468,159.75
2469,159.75
2470,159.75
2471,159.75
2472,159.75
2473,159.75
2474,159.75
2475,158.25
2476,158.25
2477,157.25
2478,156.75
2479,156.75
2480,156.75
2481,153.0
2482,149.25
2483,149.25
2484,149.25
2485,145.25
2486,145.25
2487,143.25
2488,143.25
2489,145.0
2490,145.5
2491,145.5
2492,145.5
2493,143.25
2494,142.0
2495,142.0
2496,141.5
2497,141.5
2498,141.08333333333334
2499,140.66666666666666
2500,140.25
2501,140.25
2502,140.25
2503,140.25
2504,140.25
2505,139.0
2506,137.75
2507,136.5
2508,135.25
2509,135.25
2510,135.25
2511,135.25
2512,135.25
2513,135.25
2514,137.0
2515,137.0
2516,137.0
2517,138.25
2518,138.25
2519,138.25
2520,138.25
2521,138.25
2522,138.25
2523,137.5
2524,137.5
2525,137.5
2526,137.5
2527,137.5
2528,137.5
2529,137.5
2530,137.5
2531,137.5
2532,137.5
2533,137.5
2534,137.5
2535,156.5
2536,156.5
2537,157.25
2538,157.25
2539,158.75
2540,158.75
2541,154.75
2542,154.75
2543,154.75
2544,154.75
2545,154.75
2546,154.75
2547,154.75
2548,154.75
2549,154.75
2550,154.75
2551,154.75
2552,152.0
2553,152.0
2554,150.0
2555,150.0
2556,148.75
2557,148.75
2558,148.75
2559,148.75
2560,148.75
2561,148.75
2562,144.5
2563,144.5
2564,145.75
2565,145.75
2566,145.75
2567,144.75
2568,144.75
2569,144.75
2570,144.75
2571,147.5
2572,147.5
2573,147.25
2574,147.25
2575,148.75
2576,148.75
2577,149.0
2578,149.0
2579,149.0
2580,149.0
2581,149.0
2582,151.25
2583,153.5
2584,155.75
2585,153.25
2586,153.25
2587,153.0
2588,153.0
2589,152.25
2590,152.25
2591,152.25
2592,148.5
2593,148.5
2594,147.75
2595,147.75
2596,147.75
2597,145.75
2598,145.75
2599,147.5
2600,147.5
2601,147.25
2602,147.25
2603,147.25
2604,148.0
2605,148.0
2606,148.25
2607,148.25
2608,148.25
2609,148.25
2610,148.25
2611,148.25
2612,148.25
2613,150.25
2614,150.25
2615,150.25
2616,152.75
2617,152.75
2618,153.0
2619,153.0
2620,153.25
2621,153.25
2622,153.25
2623,153.25
2624,153.25
2625,152.83333333333334
2626,152.41666666666666
2627,152.0
2628,151.0
2629,151.0
2630,151.0
2631,151.5
2632,151.5
2633,151.0
2634,151.0
2635,150.75
2636,150.75
2637,154.75
2638,154.75
2639,154.75
2640,156.25
2641,156.25
2642,157.0
2643,157.75
2644,158.5
2645,158.5
2646,158.5
2647,157.25
2648,155.75
2649,155.75
2650,153.5
2651,153.5
2652,153.75
2653,153.75
2654,153.75
2655,153.75
2656,153.0
2657,153.0
2658,153.0
2659,151.5
2660,151.5
2661,151.5
2662,151.75
2663,151.75
2664,151.75
2665,152.75
2666,152.75
2667,152.75
2668,152.75
2669,153.25
2670,153.25
2671,153.25
2672,153.25
2673,153.25
2674,153.75
2675,153.75
2676,157.5
2677,157.5
2678,157.5
2679,157.5
2680,157.5
2681,157.5
2682,157.5
2683,157.5
2684,157.5
2685,157.5
2686,157.5
2687,157.5
2688,157.5
2689,157.5
2690,160.0
2691,160.75
2692,160.75
2693,160.5
2694,160.5
2695,162.0
2696,162.0
2697,161.25
2698,161.25
2699,160.75
2700,160.75
2701,160.75
2702,160.75
2703,160.75
2704,163.0
2705,163.0
2706,163.5
2707,163.5
2708,163.5
2709,163.5
2710,163.5
2711,163.5
2712,163.5
2713,163.5
2714,163.5
2715,167.5
2716,167.5
2717,168.25
2718,168.25
2719,169.0
2720,169.0
2721,169.25
2722,169.25
2723,169.25
2724,169.25
2725,169.25
2726,169.25
2727,169.25
2728,169.25
2729,169.25
2730,169.25
2731,159.5
2732,159.5
2733,159.5
2734,159.5
2735,157.5
2736,157.5
2737,157.5
2738,157.5
2739,157.75
2740,157.75
2741,157.5
2742,157.5
2743,159.0
2744,159.0
2745,159.5
2746,159.5
2747,159.75
2748,159.75
2749,159.75
2750,159.75
2751,159.75
2752,159.75
2753,159.75
2754,158.58333333333334
2755,157.41666666666666
2756,156.25
2757,156.25
2758,156.25
2759,156.25
2760,156.75
2761,156.75
2762,156.75
2763,156.75
2764,152.25
2765,152.25
2766,150.5
2767,150.5
2768,149.5
2769,149.5
2770,149.25
2771,149.25
2772,148.0
2773,148.0
2774,148.25
2775,148.25
2776,146.5
2777,146.5
2778,141.75
2779,141.75
2780,138.25
2781,138.25
2782,138.75
2783,138.75
2784,138.75
2785,139.25
2786,140.0
2787,140.0
2788,137.25
2789,137.25
2790,135.25
2791,136.5
2792,136.5
2793,136.5
2794,143.0
2795,143.0
2796,143.0
2797,143.75
2798,143.75
2799,143.75
2800,143.75
2801,143.75
2802,143.75
2803,143.75
2804,143.75
2805,134.25
2806,134.25
2807,133.0
2808,133.0
2809,133.0
2810,122.5
2811,122.5
2812,121.75
2813,121.75
2814,121.75
2815,121.75
2816,121.75
2817,121.75
2818,121.75
2819,121.75
2820,133.75
2821,133.75
2822,139.75
2823,139.75
2824,142.25
2825,142.25
2826,141.0
2827,141.0
2828,137.0
2829,136.0
2830,136.0
2831,136.0
2832,135.75
2833,135.75
2834,134.25
2835,134.25
2836,132.0
2837,133.0
2838,133.0
2839,133.75
2840,133.75
2841,133.75
2842,133.75
2843,133.0
2844,133.0
2845,133.0
2846,134.5
2847,134.5
2848,134.5
2849,133.75
2850,133.75
2851,134.5
2852,134.5
2853,135.0
2854,135.75
2855,135.75
2856,135.75
2857,135.75
2858,131.0
2859,131.0
2860,132.25
2861,132.25
2862,132.25
2863,136.25
2864,136.25
2865,137.5
2866,137.5
2867,137.0
2868,137.0
2869,137.0
2870,137.75
2871,138.0
2872,138.0
2873,138.0
2874,142.0
2875,142.0
2876,143.25
2877,143.25
2878,143.25
2879,143.75
2880,143.75
2881,143.75
2882,143.75
2883,143.75
2884,145.0
2885,145.75
2886,145.75
2887,146.25
2888,146.25
2889,147.75
2890,147.75
2891,148.5
2892,148.75
2893,148.75
2894,148.75
2895,149.0
2896,149.0
2897,150.0
2898,150.0
2899,150.75
2900,150.75
2901,150.75
2902,152.5
2903,152.5
2904,152.75
2905,152.75
2906,152.75
2907,152.75
2908,152.75
2909,152.75
2910,152.75
2911,152.75
2912,152.75
2913,152.75
2914,152.75
2915,152.75
2916,152.75
2917,152.75
2918,152.75
2919,152.75
2920,154.5
2921,154.5
2922,155.5
2923,155.5
2924,156.25
2925,158.0
2926,158.0
2927,158.75
2928,159.5
2929,159.5
2930,159.5
2931,160.0
2932,159.25
2933,159.25
2934,159.25
2935,159.25
2936,158.75
2937,158.75
2938,158.75
2939,151.75
2940,151.75
2941,145.0
2942,145.0
2943,142.75
2944,142.75
2945,141.5
2946,141.25
2947,141.25
2948,141.25
2949,145.25
2950,145.25
2951,146.5
2952,146.5
2953,148.25
2954,148.25
2955,149.5
2956,149.5
2957,149.5
2958,146.25
2959,146.25
2960,145.75
2961,145.75
2962,143.5
2963,143.5
2964,142.0
2965,142.25
2966,142.25
2967,141.0
2968,141.0
2969,140.75
2970,140.75
2971,141.25
2972,141.25
2973,141.25
2974,140.5
2975,140.5
2976,141.5
2977,141.5
2978,141.5
2979,145.5
2980,145.5
2981,144.75
2982,143.75
2983,143.75
2984,143.75
2985,143.0
2986,143.0
2987,139.75
2988,139.75
2989,133.75
2990,133.75
2991,135.25
2992,135.25
2993,137.5
2994,140.25
2995,140.25
2996,140.25
2997,142.25
2998,142.75
2999,142.75
3000,142.75
3001,143.0
3002,143.0
3003,145.0
3004,145.0
3005,147.25
3006,148.25
3007,148.25
3008,148.25
3009,148.25
3010,148.5
3011,148.5
3012,148.5
3013,148.0
3014,148.0
3015,148.0
3016,146.5
3017,146.5
3018,146.5
3019,147.75
3020,147.75
3021,148.5
3022,148.5
3023,147.5
3024,147.5
3025,146.5
3026,146.5
3027,147.5
3028,148.75
3029,148.75
3030,149.75
3031,149.75
3032,150.0
3033,150.0
3034,150.0
3035,146.75
3036,146.75
3037,145.75
3038,145.75
3039,145.75
3040,145.5
3041,145.5
3042,147.25
3043,147.25
3044,149.0
3045,149.0
3046,149.75
3047,149.75
3048,149.75
3049,153.0
3050,153.0
3051,153.5
3052,153.5
3053,154.0
3054,154.75
3055,154.75
3056,155.0
3057,155.0
3058,155.0
3059,155.0
3060,156.0
3061,156.0
3062,154.5
3063,154.5
3064,154.0
3065,154.5
3066,154.5
3067,153.0
3068,153.0
3069,153.0
3070,153.0
3071,153.0
3072,153.0
3073,152.75
3074,152.75
3075,152.75
3076,150.5
3077,150.5
3078,149.0
3079,149.0
3080,148.25
3081,149.0
3082,149.0
3083,149.0
3084,149.0
3085,149.5
3086,150.0
3087,150.0
3088,153.75
3089,153.75
3090,154.5
3091,154.5
3092,154.75
3093,154.75
3094,154.75
3095,154.75
3096,154.75
3097,155.5
3098,155.5
3099,155.5
3100,156.25
3101,156.25
3102,156.25
3103,156.75
3104,156.75
3105,156.75
3106,157.5
3107,158.5
3108,158.5
3109,158.5
3110,159.25
3111,158.5
3112,158.5
3113,157.0
3114,155.5
3115,155.5
3116,155.0
3117,155.0
3118,155.0
3119,155.0
3120,155.0
3121,155.5
3122,155.5
3123,155.75
3124,155.25
3125,155.25
3126,155.0
3127,155.25
3128,155.25
3129,155.25
3130,155.25
3131,155.25
3132,155.0
3133,155.0
3134,155.0
3135,155.5
3136,155.5
3137,151.5
3138,150.5
3139,150.5
3140,150.0
3141,150.0
3142,149.0
3143,148.25
3144,148.25
3145,147.5
3146,147.25
3147,147.25
3148,148.0
3149,148.0
3150,148.0
3151,152.25
3152,152.25
3153,153.5
3154,154.0
3155,154.0
3156,152.75
3157,152.75
3158,151.25
3159,151.25
3160,148.0
3161,146.5
3162,146.5
3163,147.0
3164,147.0
3165,150.0
3166,150.0
3167,150.0
3168,150.5
3169,150.5
3170,150.5
3171,150.5
3172,150.5
3173,150.5
3174,150.5
3175,150.5
3176,147.75
3177,147.75
3178,150.5
3179,150.5
3180,150.5
3181,151.75
3182,152.91666666666666
3183,154.08333333333334
3184,155.25
3185,155.25
3186,155.75
3187,155.75
3188,155.75
3189,156.0
3190,156.0
3191,156.0
3192,156.0
3193,151.25
3194,151.25
3195,145.0
3196,142.5
3197,142.5
3198,140.75
3199,140.75
3200,138.0
3201,138.0
3202,137.75
3203,137.75
3204,139.0
3205,139.0
3206,139.0
3207,140.0
3208,140.0
3209,129.25
3210,129.25
3211,125.5
3212,125.5
3213,124.25
3214,124.25
3215,127.22222222222223
3216,130.19444444444446
3217,133.16666666666666
3218,136.13888888888889
3219,139.11111111111111
3220,142.08333333333334
3221,145.05555555555554
3222,148.02777777777777
3223,151.0
3224,151.0
3225,151.5
3226,151.5
3227,149.75
3228,149.0
3229,149.0
3230,149.0
3231,147.5
3232,147.5
3233,146.25
3234,146.25
3235,146.25
3236,143.75
3237,143.25
3238,143.25
3239,143.25
3240,140.75
3241,140.75
3242,139.0
3243,139.0
3244,139.0
3245,139.0
3246,137.75
3247,137.75
3248,138.5
3249,140.75
3250,140.75
3251,142.25
3252,142.25
3253,142.25
3254,143.25
3255,143.25
3256,148.25
3257,148.25
3258,148.25
3259,149.0
3260,149.0
3261,144.0
3262,141.25
3263,141.25
3264,141.0
3265,141.0
3266,141.0
3267,140.0
3268,140.0
3269,140.0
3270,136.75
3271,136.75
3272,136.75
3273,136.75
3274,136.75
3275,136.75
3276,140.25
3277,140.25
3278,141.5
3279,141.5
3280,141.5
3281,143.75
3282,145.0
3283,145.0
3284,146.0
3285,146.0
3286,146.75
3287,146.75
3288,146.75
3289,145.75
3290,145.75
3291,144.5
3292,144.5
3293,144.5
3294,141.0
3295,141.0
3296,141.0
3297,140.75
3298,140.75
3299,140.75
3300,140.75
3301,140.75
3302,140.75
3303,140.75
3304,139.0
3305,139.0
3306,138.5
3307,139.5
3308,139.5
3309,139.75
3310,139.75
3311,139.75
3312,139.75
3313,139.75
3314,141.25
3315,141.25
3316,141.25
3317,142.0
3318,142.0
3319,142.0
3320,142.0
3321,142.0
3322,146.25
3323,146.25
3324,146.75
3325,146.75
3326,146.25
3327,147.0
3328,147.0
3329,148.0
3330,148.0
3331,148.25
3332,146.75
3333,146.75
3334,146.25
3335,146.25
3336,146.25
3337,146.25
3338,146.25
3339,147.5
3340,147.5
3341,147.75
3342,147.75
3343,147.75
3344,147.75
3345,147.75
3346,147.75
3347,147.125
3348,146.5
3349,146.5
3350,145.0
3351,145.0
3352,143.5
3353,142.25
3354,142.25
3355,143.25
3356,143.25
3357,142.25
3358,142.25
3359,142.5
3360,142.0
3361,142.0
3362,140.5
3363,140.5
3364,141.5
3365,142.75
3366,142.75
3367,143.75
3368,143.75
3369,145.0
3370,146.25
3371,146.25
3372,146.0
3373,146.0
3374,146.75
3375,146.75
3376,147.0
3377,147.0
3378,143.75
3379,143.75
3380,142.5
3381,142.5
3382,142.0
3383,142.0
3384,142.75
3385,142.75
3386,142.75
3387,142.75
3388,140.0
3389,140.0
3390,140.75
3391,140.75
3392,143.5
3393,143.5
3394,144.25
3395,144.5
3396,144.5
3397,144.5
3398,145.75
3399,145.75
3400,147.75
3401,147.75
3402,149.25
3403,149.5
3404,149.5
3405,146.25
3406,146.25
3407,140.5
3408,138.75
3409,138.75
3410,139.75
3411,139.75
3412,142.25
3413,142.25
3414,144.0
3415,145.25
3416,145.25
3417,145.75
3418,146.0
3419,146.0
3420,147.75
3421,147.75
3422,147.75
3423,146.5
3424,146.5
3425,147.25
3426,147.5
3427,147.5
3428,148.5
3429,148.5
3430,146.25
3431,146.25
3432,144.25
3433,144.0
3434,144.0
3435,144.0
3436,144.5
3437,144.5
3438,145.25
3439,145.25
3440,146.25
3441,146.75
3442,146.75
3443,146.75
3444,146.75
3445,146.75
3446,147.0
3447,147.0
3448,147.0
3449,146.75
3450,146.75
3451,147.5
3452,147.5
3453,147.5
3454,148.25
3455,148.25
3456,139.75
3457,139.75
3458,141.25
3459,143.25
3460,143.25
3461,143.25
3462,143.25
3463,144.0
3464,144.0
3465,143.5
3466,142.5
3467,142.5
3468,142.5
3469,142.5
3470,143.0
3471,143.0
3472,143.0
3473,143.25
3474,143.25
3475,143.25
3476,144.75
3477,144.75
3478,146.0
3479,146.0
3480,146.25
3481,146.75
3482,146.75
3483,146.5
3484,146.5
3485,146.5
3486,146.5
3487,137.0
3488,137.0
3489,137.0
3490,136.25
3491,136.25
3492,137.75
3493,140.5
3494,140.5
3495,141.5
3496,141.5
3497,141.75
3498,141.75
3499,141.75
3500,141.75
3501,141.75
3502,140.5
3503,140.5
3504,141.0
3505,141.0
3506,141.25
3507,141.25
3508,141.25
3509,141.25
3510,143.0
3511,143.0
3512,144.25
3513,144.25
3514,144.75
3515,144.75
3516,145.25
3517,145.25
3518,146.5
3519,146.5
3520,146.5
3521,146.5
3522,146.25
3523,147.25
3524,147.25
3525,148.75
3526,148.75
3527,148.75
3528,149.5
3529,149.75
3530,149.75
3531,149.75
3532,149.75
3533,149.75
3534,149.75
3535,149.75
3536,149.5625
3537,149.375
3538,149.1875
3539,149.0
3540,148.8125
3541,148.625
3542,148.4375
3543,148.25
3544,148.5
3545,148.5
3546,148.5
3547,145.25
3548,145.25
3549,141.5
3550,141.5
3551,141.5
3552,140.5
3553,140.5
3554,140.5
3555,140.5
3556,143.75
3557,146.5
3558,146.5
3559,147.75
3560,147.75
3561,147.75
3562,146.25
3563,146.25
3564,144.5
3565,145.5
3566,145.5
3567,145.5
3568,146.25
3569,146.25
3570,146.5
3571,146.5
3572,146.5
3573,146.5
3574,146.5
3575,146.5
3576,146.5
3577,145.33333333333334
3578,144.16666666666666
3579,143.0
3580,143.0
3581,143.0
3582,141.75
3583,141.75
3584,141.75
3585,141.75
3586,142.25
3587,142.25
3588,142.25
3589,142.25
3590,142.25
3591,142.25
3592,142.25
3593,142.25
3594,142.25
3595,142.25
3596,143.625
3597,145.0
3598,145.0
3599,145.75
3600,145.75
3601,145.75
3602,145.75
3603,145.75
3604,141.0
3605,141.0
3606,140.5
3607,140.5
3608,140.5
3609,140.5
3610,140.5
3611,140.5
3612,140.5
3613,140.5
3614,140.5
3615,141.25
3616,140.75
3617,140.75
3618,140.75
3619,150.25
3620,150.25
3621,152.25
3622,152.25
3623,151.25
3624,151.25
3625,149.75
3626,145.75
3627,145.75
3628,145.75
3629,144.25
3630,144.25
3631,144.25
3632,144.25
3633,144.25
3634,142.0
3635,142.0
3636,143.25
3637,143.25
3638,144.0
3639,144.0
3640,144.0
3641,144.0
3642,144.0
3643,144.0
3644,144.0
3645,144.0
3646,147.5
3647,147.5
3648,147.5
3649,149.5
3650,149.5
3651,149.75
3652,149.75
3653,149.75
3654,148.75
3655,148.75
3656,147.75
3657,146.0
3658,146.0
3659,146.0
3660,139.0
3661,139.0
3662,139.0
3663,130.0
3664,130.0
3665,130.0
3666,128.25
3667,128.25
3668,128.25
3669,124.75
3670,124.0
3671,124.0
3672,124.0
3673,124.0
3674,132.5
3675,132.5
3676,132.5
3677,132.5
3678,132.5
3679,132.5
3680,132.5
3681,132.5
3682,132.5
3683,132.5
3684,132.5
3685,132.5
3686,132.5
3687,132.5
3688,124.75
3689,124.75
3690,124.75
3691,124.75
3692,119.25
3693,119.25
3694,119.25
3695,119.25
3696,119.25
3697,119.25
3698,115.0
3699,115.0
3700,115.0
3701,115.0
3702,115.0
3703,115.0
3704,115.0
3705,115.0
3706,115.0
3707,115.0
3708,115.0
3709,115.0
3710,115.0
3711,133.0
3712,151.0
3713,151.0
3714,151.0
3715,149.5
3716,149.5
3717,149.5
3718,151.25
3719,151.25
3720,150.25
3721,150.25
3722,150.25
3723,148.75
3724,149.0
3725,149.0
3726,149.0
3727,149.0
3728,149.5
3729,149.5
3730,149.5
3731,152.75
3732,152.75
3733,152.5
3734,152.5
3735,150.0
3736,150.0
3737,153.0
3738,153.0
3739,153.25
3740,153.25
3741,151.25
3742,151.25
3743,149.5
3744,149.5
3745,149.5
3746,149.5
3747,150.75
3748,150.75
3749,139.75
3750,139.75
3751,138.5
3752,138.5
3753,137.75
3754,137.75
3755,137.75
3756,140.5
3757,140.5
3758,142.0
3759,142.0
3760,136.0
3761,136.0
3762,132.25
3763,132.25
3764,130.75
3765,130.75
3766,130.5
3767,130.5
3768,130.5
3769,130.5
3770,130.5
3771,130.5
3772,130.5
3773,130.5
3774,132.1818181818182
3775,133.86363636363637
3776,135.54545454545453
3777,137.22727272727272
3778,138.9090909090909
3779,140.5909090909091
3780,142.27272727272728
3781,143.95454545454547
3782,145.63636363636363
3783,147.3181818181818
3784,149.0
3785,149.0
3786,149.0
3787,149.5
3788,149.5
3789,150.5
3790,150.75
3791,150.75
3792,150.75
3793,152.25
3794,152.25
3795,152.5
3796,152.5
3797,152.0
3798,151.75
3799,151.75
3800,151.25
3801,151.25
3802,151.5
3803,151.5
3804,151.5
3805,151.5
3806,151.5
3807,151.75
3808,151.75
3809,151.75
3810,151.5
3811,151.5
3812,151.5
3813,152.0
3814,152.0
3815,153.0
3816,153.5
3817,153.5
3818,153.5
3819,154.0
3820,154.0
3821,154.25
3822,154.25
3823,154.25
3824,159.25
3825,159.25
3826,159.25
3827,160.0
3828,160.0
3829,160.0
3830,156.25
3831,157.25
3832,157.25
3833,158.25
3834,158.25
3835,159.5
3836,159.5
3837,159.75
3838,159.75
3839,159.75
3840,159.75
3841,159.75
3842,159.75
3843,159.75
3844,159.75
3845,159.75
3846,159.75
3847,154.5
3848,149.25
3849,144.0
3850,144.0
3851,144.0
3852,144.0
3853,144.0
3854,144.0
3855,151.0
3856,151.0
3857,156.0
3858,156.0
3859,157.25
3860,157.25
3861,158.5
3862,158.5
3863,157.0
3864,157.0
3865,157.0
3866,157.0
3867,157.0
3868,157.0
3869,158.75
3870,158.75
3871,158.75
3872,153.25
3873,153.25
3874,156.0
3875,156.0
3876,156.75
3877,156.75
3878,157.0
3879,150.5
3880,150.5
3881,150.5
3882,145.5
3883,145.5
3884,144.5
3885,144.5
3886,144.5
3887,148.25
3888,148.25
3889,148.25
3890,153.25
3891,154.5
3892,154.5
3893,158.5
3894,158.5
3895,158.5
3896,160.25
3897,160.5
3898,160.5
3899,160.75
3900,160.75
3901,160.75
3902,160.75
3903,138.0
3904,115.25
3905,115.25
3906,115.25
3907,115.25
3908,115.25
3909,115.25
3910,115.25
3911,115.25
3912,115.25
3913,115.25
3914,115.25
3915,130.5
3916,145.75
3917,145.75
3918,145.75
3919,145.75
3920,145.75
3921,145.75
3922,145.75
3923,145.75
3924,145.75
3925,145.75
3926,145.75
3927,145.75
3928,142.5
3929,142.5
3930,142.5
3931,142.75
3932,142.75
3933,142.75
3934,142.75
3935,145.5
3936,145.5
3937,145.5
3938,144.75
3939,144.75
3940,144.75
3941,144.75
3942,144.75
3943,144.75
3944,144.75
3945,144.75
3946,144.75
3947,142.5
3948,140.25
3949,138.0
3950,138.0
3951,138.0
3952,138.0
3953,138.0
3954,138.0
3955,138.0
3956,138.0
3957,138.0
3958,138.0
3959,138.0
3960,138.0
3961,128.0
3962,128.0
3963,133.0
3964,133.0
3965,133.5
3966,133.5
3967,133.25
3968,133.25
3969,133.25
3970,133.5
3971,133.5
3972,134.0
3973,134.0
3974,133.5
3975,133.5
3976,133.5
3977,133.5
3978,134.25
3979,134.75
3980,134.75
3981,136.5
3982,136.5
3983,137.0
3984,137.0
3985,136.5
3986,136.5
3987,136.25
3988,136.25
3989,136.25
3990,136.25
3991,136.25
3992,136.25
3993,136.25
3994,137.0
3995,136.0
3996,136.0
3997,135.5
3998,135.5
3999,135.5
4000,138.0
4001,138.25
4002,138.25
4003,138.25
4004,141.5
4005,141.5
4006,142.25
4007,142.75
4008,142.75
4009,143.0
4010,143.0
4011,144.0
4012,145.25
4013,145.25
4014,145.5
4015,145.5
4016,144.25
4017,143.75
4018,143.75
4019,145.25
4020,145.25
4021,147.75
4022,147.75
4023,148.0
4024,148.0
4025,147.0
4026,145.5
4027,145.5
4028,145.5
4029,141.25
4030,141.25
4031,141.25
4032,138.0
4033,138.0
4034,135.75
4035,135.75
4036,136.5
4037,136.5
4038,142.5
4039,142.5
4040,144.0
4041,144.0
4042,145.0
4043,146.0
4044,146.0
4045,146.75
4046,146.75
4047,146.75
4048,147.5
4049,147.5
4050,147.5
4051,146.25
4052,146.25
4053,145.5
4054,145.5
4055,144.5
4056,145.0
4057,145.0
4058,147.0
4059,147.0
4060,148.0
4061,148.0
4062,145.25
4063,144.5
4064,144.5
4065,144.0
4066,144.0
4067,144.0
4068,145.0
4069,145.0
4070,144.75
4071,144.75
4072,144.75
4073,146.0
4074,146.0
4075,145.0
4076,145.0
4077,144.75
4078,143.75
4079,143.75
4080,144.25
4081,144.25
4082,143.75
4083,144.25
4084,144.25
4085,144.25
4086,144.5
4087,144.5
4088,144.5
4089,144.5
4090,144.5
4091,144.5
4092,144.5
4093,144.5
4094,144.5
4095,144.5
4096,144.5
4097,144.5
4098,143.75
4099,143.0
4100,142.25
4101,141.5
4102,141.5
4103,140.5
4104,140.5
4105,140.5
4106,142.0
4107,142.0
4108,143.25
4109,143.25
4110,145.0
4111,142.0
4112,142.0
4113,142.0
4114,142.0
4115,139.5
4116,139.5
4117,139.5
4118,139.5
4119,139.5
4120,139.5
4121,139.5
4122,139.5
4123,140.75
4124,140.75
4125,141.0
4126,141.0
4127,141.75
4128,142.0
4129,142.0
4130,142.5
4131,142.5
4132,142.25
4133,141.75
4134,141.75
4135,142.0
4136,142.0
4137,141.25
4138,141.25
4139,139.75
4140,139.0
4141,139.0
4142,139.0
4143,139.0
4144,140.25
4145,140.75
4146,140.75
4147,140.75
4148,140.75
4149,141.75
4150,140.75
4151,140.75
4152,140.75
4153,142.75
4154,142.75
4155,142.75
4156,142.5
4157,142.5
4158,142.0
4159,142.0
4160,140.75
4161,140.5
4162,140.5
4163,141.0
4164,141.0
4165,140.5
4166,140.5
4167,140.5
4168,141.25
4169,141.25
4170,142.25
4171,142.0
4172,142.0
4173,142.0
4174,142.0
4175,143.25
4176,142.75
4177,142.75
4178,141.5
4179,141.5
4180,141.5
4181,141.0
4182,141.0
4183,141.25
4184,141.25
4185,141.25
4186,141.25
4187,141.25
4188,141.0
4189,141.0
4190,141.25
4191,141.0
4192,141.0
4193,142.0
4194,142.0
4195,142.25
4196,142.25
4197,141.5
4198,142.25
4199,142.25
4200,142.75
4201,142.75
4202,143.0
4203,142.5
4204,142.5
4205,140.75
4206,140.75
4207,140.75
4208,142.25
4209,143.25
4210,143.25
4211,143.25
4212,143.25
4213,142.25
4214,142.25
4215,142.25
4216,141.25
4217,141.25
4218,139.75
4219,139.75
4220,139.75
4221,139.5
4222,139.5
4223,141.75
4224,141.75
4225,141.75
4226,142.25
4227,142.25
4228,142.75
4229,142.75
4230,142.75
4231,139.75
4232,139.75
4233,138.75
4234,138.75
4235,132.0
4236,132.0
4237,130.5
4238,130.5
4239,131.75
4240,131.75
4241,134.75
4242,136.75
4243,136.75
4244,137.0
4245,137.0
4246,137.0
4247,137.0
4248,137.25
4249,137.25
4250,137.25
4251,137.25
4252,137.25
4253,138.0
4254,138.0
4255,138.0
4256,135.0
4257,135.0
4258,130.75
4259,130.75
4260,130.75
4261,130.75
4262,130.5
4263,130.5
4264,133.5
4265,133.5
4266,134.5
4267,134.5
4268,134.5
4269,135.0
4270,135.0
4271,132.25
4272,139.25
4273,139.25
4274,139.25
4275,142.5
4276,142.5
4277,142.5
4278,135.0
4279,135.0
4280,134.25
4281,134.25
4282,134.0
4283,134.0
4284,134.0
4285,134.0
4286,134.0
4287,134.0
4288,134.0
4289,134.0
4290,118.75
4291,118.75
4292,120.25
4293,120.25
4294,120.5
4295,120.5
4296,120.5
4297,120.5
4298,126.5
4299,126.5
4300,131.25
4301,131.25
4302,131.75
4303,131.75
4304,131.75
4305,132.0
4306,132.0
4307,132.0
4308,132.0
4309,132.0
4310,132.0
4311,125.25
4312,118.5
4313,111.75
4314,105.0
4315,98.25
4316,98.25
4317,97.75
4318,97.75
4319,97.75
4320,97.75
4321,97.75
4322,97.75
4323,97.75
4324,99.2375
4325,100.725
4326,102.2125
4327,103.7
4328,105.1875
4329,106.675
4330,108.1625
4331,109.65
4332,111.1375
4333,112.625
4334,114.1125
4335,115.6
4336,117.0875
4337,118.575
4338,120.0625
4339,121.55
4340,123.0375
4341,124.525
4342,126.0125
4343,127.5
4344,127.5
4345,126.75
4346,126.75
4347,128.5
4348,128.5
4349,130.0
4350,130.0
4351,130.0
4352,125.0
4353,125.0
4354,126.25
4355,126.25
4356,126.25
4357,126.25
4358,126.5
4359,126.5
4360,126.5
4361,126.5
4362,134.0
4363,134.0
4364,134.0
4365,137.0
4366,137.0
4367,137.25
4368,137.25
4369,135.0
4370,135.0
4371,136.75
4372,136.75
4373,138.0
4374,138.0
4375,138.0
4376,138.0
4377,135.0
4378,135.0
4379,135.0
4380,133.25
4381,133.25
4382,133.25
4383,133.25
4384,133.25
4385,133.25
4386,133.25
4387,134.61111111111111
4388,135.97222222222223
4389,137.33333333333334
4390,138.69444444444446
4391,140.05555555555554
4392,141.41666666666666
4393,142.77777777777777
4394,144.13888888888889
4395,145.5
4396,145.5
4397,143.0
4398,143.0
4399,140.5
4400,140.5
4401,139.5
4402,139.5
4403,139.5
4404,139.25
4405,139.25
4406,139.25
4407,139.25
4408,139.25
4409,139.25
4410,139.25
4411,139.25
4412,146.25
4413,146.25
4414,146.25
4415,146.25
4416,146.75
4417,146.75
4418,147.75
4419,147.75
4420,147.75
4421,143.75
4422,143.75
4423,141.0
4424,141.0
4425,140.75
4426,140.75
4427,141.25
4428,141.25
4429,141.5
4430,141.5
4431,141.5
4432,142.5
4433,142.5
4434,144.25
4435,147.0
4436,147.0
4437,146.5
4438,146.5
4439,146.25
4440,146.25
4441,147.0
4442,147.0
4443,147.5
4444,147.5
4445,147.75
4446,147.0
4447,147.0
4448,147.25
4449,147.5
4450,147.5
4451,147.5
4452,145.75
4453,145.75
4454,143.5
4455,143.5
4456,143.0
4457,143.0
4458,143.25
4459,142.75
4460,142.75
4461,142.75
4462,142.75
4463,142.75
4464,145.75
4465,145.75
4466,146.0
4467,146.0
4468,144.75
4469,143.25
4470,143.25
4471,142.5
4472,142.5
4473,142.5
4474,142.5
4475,143.75
4476,144.25
4477,144.25
4478,144.25
4479,145.25
4480,145.25
4481,145.75
4482,145.75
4483,145.75
4484,145.0
4485,145.0
4486,145.0
4487,145.0
4488,145.0
4489,145.0
4490,145.0
4491,134.75
4492,134.75
4493,132.75
4494,132.75
4495,131.0
4496,131.0
4497,131.0
4498,126.5
4499,126.0
4500,126.0
4501,131.75
4502,131.75
4503,134.25
4504,135.25
4505,135.25
4506,135.16666666666666
4507,135.08333333333334
4508,135.0
4509,134.91666666666666
4510,134.83333333333334
4511,134.75
4512,134.75
4513,134.75
4514,134.75
4515,134.75
4516,134.75
4517,138.75
4518,139.5
4519,139.5
4520,139.5
4521,139.75
4522,139.75
4523,139.75
4524,139.75
4525,139.75
4526,139.75
4527,139.75
4528,139.75
4529,139.75
4530,139.75
4531,139.0625
4532,138.375
4533,137.6875
4534,137.0
4535,137.0
4536,137.0
4537,137.0
4538,137.0
4539,137.0
4540,137.0
4541,139.0
4542,141.0
4543,143.0
4544,142.83333333333334
4545,142.66666666666666
4546,142.5
4547,142.5
4548,142.5
4549,143.75
4550,143.75
4551,144.5
4552,144.5
4553,142.75
4554,142.75
4555,142.0
4556,142.0
4557,142.25
4558,142.25
4559,143.5
4560,143.5
4561,143.75
4562,143.75
4563,142.75
4564,142.75
4565,141.75
4566,141.25
4567,141.25
4568,141.25
4569,141.25
4570,142.75
4571,144.0
4572,144.0
4573,144.25
4574,144.25
4575,143.5
4576,143.5
4577,143.5
4578,143.25
4579,143.25
4580,143.25
4581,143.75
4582,143.75
4583,144.25
4584,144.75
4585,144.75
4586,145.25
4587,145.25
4588,144.5
4589,144.5
4590,144.5
4591,144.5
4592,144.5
4593,145.25
4594,145.5
4595,145.5
4596,145.0
4597,145.0
4598,145.75
4599,146.5
4600,146.5
4601,145.75
4602,145.75
4603,146.25
4604,146.25
4605,146.0
4606,146.0
4607,144.25
4608,144.25
4609,142.5
4610,142.5
4611,143.25
4612,143.25
4613,145.25
4614,145.25
4615,146.0
4616,146.75
4617,146.75
4618,146.25
4619,146.25
4620,143.75
4621,142.25
4622,142.25
4623,142.5
4624,142.5
4625,143.0
4626,143.0
4627,143.0
4628,142.0
4629,142.0
4630,141.5
4631,141.5
4632,141.5
4633,141.5
4634,142.5
4635,142.5
4636,142.75
4637,142.75
4638,142.25
4639,141.5
4640,141.5
4641,141.5
4642,141.5
4643,141.75
4644,141.75
4645,142.25
4646,142.0
4647,142.0
4648,143.5
4649,143.5
4650,143.5
4651,143.5
4652,143.5
4653,146.0
4654,146.0
4655,146.0
4656,146.0
4657,143.0
4658,143.0
4659,143.0
4660,143.0
4661,143.0
4662,142.0
4663,141.5
4664,141.5
4665,140.75
4666,140.75
4667,140.0
4668,139.25
4669,139.25
4670,139.5
4671,139.5
4672,139.75
4673,139.25
4674,139.25
4675,140.75
4676,140.75
4677,142.0
4678,142.0
4679,142.0
4680,142.25
4681,142.5
4682,142.5
4683,143.25
4684,143.25
4685,143.25
4686,145.0
4687,145.0
4688,143.25
4689,143.25
4690,142.0
4691,141.5
4692,141.5
4693,140.25
4694,140.25
4695,139.0
4696,139.0
4697,139.5
4698,139.5
4699,141.0
4700,141.75
4701,141.75
4702,141.0
4703,141.0
4704,140.0
4705,140.0
4706,140.0
4707,140.25
4708,140.25
4709,139.0
4710,139.0
4711,140.75
4712,140.75
4713,141.5
4714,141.5
4715,141.5
4716,141.5
4717,139.0
4718,139.0
4719,139.0
4720,139.0
4721,139.75
4722,139.75
4723,140.5
4724,141.25
4725,141.25
4726,142.0
4727,142.0
4728,142.0
4729,142.75
4730,142.75
4731,142.75
4732,143.5
4733,143.5
4734,144.25
4735,144.25
4736,144.25
4737,143.75
4738,143.75
4739,143.5
4740,143.5
4741,142.0
4742,142.0
4743,142.0
4744,143.0
4745,143.0
4746,141.75
4747,140.5
4748,140.5
4749,141.75
4750,141.75
4751,142.5
4752,142.5
4753,143.5
4754,143.5
4755,143.0
4756,143.0
4757,144.0
4758,144.25
4759,144.25
4760,144.25
4761,144.25
4762,144.25
4763,144.25
4764,144.25
4765,144.75
4766,144.75
4767,144.5
4768,144.0
4769,144.0
4770,144.0
4771,143.5
4772,143.5
4773,144.0
4774,144.0
4775,144.75
4776,144.75
4777,144.5
4778,144.5
4779,144.5
4780,144.5
4781,145.25
4782,145.75
4783,145.75
4784,144.5
4785,144.5
4786,144.25
4787,144.25
4788,144.25
4789,144.25
4790,144.25
4791,143.75
4792,143.5
4793,143.5
4794,143.5
4795,139.25
4796,139.25
4797,139.25
4798,140.75
4799,139.75
4800,139.75
4801,139.75
4802,139.75
4803,140.5
4804,142.75
4805,142.75
4806,142.75
4807,141.0
4808,141.0
4809,141.0
4810,141.5
4811,142.0
4812,142.0
4813,142.25
4814,142.25
4815,141.25
4816,141.25
4817,142.75
4818,142.75
4819,144.5
4820,144.5
4821,144.5
4822,144.5
4823,142.75
4824,142.75
4825,142.5
4826,143.0
4827,143.0
4828,143.25
4829,143.25
4830,143.25
4831,143.25
4832,142.5
4833,142.5
4834,141.5
4835,142.25
4836,142.25
4837,143.25
4838,143.25
4839,144.25
4840,144.25
4841,144.25
4842,143.5
4843,143.5
4844,143.5
4845,144.5
4846,144.5
4847,145.0
4848,145.0
4849,145.5
4850,142.5
4851,142.5
4852,140.5
4853,140.5
4854,138.75
4855,138.75
4856,137.75
4857,137.75
4858,134.5
4859,134.0
4860,134.0
4861,134.75
4862,134.75
4863,136.25
4864,136.25
4865,137.25
4866,138.25
4867,138.25
4868,138.25
4869,138.25
4870,134.0
4871,134.0
4872,131.5
4873,131.5
4874,131.5
4875,131.5
4876,131.5
4877,135.0
4878,135.0
4879,136.0
4880,136.0
4881,137.0
4882,136.5
4883,136.5
4884,135.25
4885,135.25
4886,135.5
4887,135.5
4888,137.0
4889,137.0
4890,137.75
4891,137.75
4892,137.5
4893,137.5
4894,139.75
4895,139.75
4896,139.75
4897,139.5
4898,139.5
4899,139.5
4900,136.25
4901,138.25
4902,138.25
4903,139.25
4904,139.25
4905,139.5
4906,139.5
4907,137.75
4908,137.75
4909,137.75
4910,137.75
4911,136.5
4912,136.5
4913,136.25
4914,136.25
4915,136.25
4916,133.75
4917,133.75
4918,133.75
4919,132.0
4920,132.0
4921,132.0
4922,132.0
4923,132.0
4924,132.0
4925,132.0
4926,133.125
4927,134.25
4928,135.375
4929,136.5
4930,136.5
4931,137.25
4932,138.75
4933,138.75
4934,138.75
4935,138.75
4936,140.0
4937,140.0
4938,139.5
4939,139.5
4940,140.0
4941,140.0
4942,140.0
4943,140.75
4944,140.75
4945,140.5
4946,140.5
4947,138.5
4948,138.5
4949,137.75
4950,139.0
4951,139.0
4952,139.0
4953,140.25
4954,140.25
4955,141.5
4956,141.5
4957,141.5
4958,142.25
4959,142.25
4960,144.5
4961,144.5
4962,145.25
4963,145.25
4964,145.25
4965,142.75
4966,141.0
4967,141.0
4968,138.75
4969,138.75
4970,136.75
4971,136.75
4972,136.0
4973,136.0
4974,139.25
4975,139.25
4976,138.75
4977,138.75
4978,138.0
4979,138.0
4980,138.0
4981,138.0
4982,138.0
4983,138.25
4984,138.25
4985,137.75
4986,136.5
4987,136.5
4988,138.0
4989,138.0
4990,138.0
4991,139.25
4992,139.25
4993,140.75
4994,140.75
4995,141.25
4996,141.25
4997,141.5
4998,141.75
4999,141.75
5000,141.75
5001,143.5
5002,143.5
5003,145.0
5004,144.5
5005,144.5
5006,145.25
5007,144.75
5008,144.75
5009,146.5
5010,147.75
5011,147.75
5012,147.75
5013,149.5
5014,149.5
5015,150.5
5016,150.5
5017,151.5
5018,151.5
5019,151.5
5020,151.5
5021,151.5
5022,151.5
5023,151.5
5024,151.5
5025,151.5
5026,152.0
5027,152.0
5028,151.25
5029,151.25
5030,150.25
5031,150.25
5032,150.25
5033,150.25
5034,150.25
5035,151.5
5036,151.5
5037,152.75
5038,153.25
5039,153.25
5040,153.25
5041,153.75
5042,153.25
5043,153.25
5044,152.75
5045,152.75
5046,152.75
5047,152.75
5048,152.75
5049,152.75
5050,153.0
5051,153.0
5052,152.25
5053,152.5
5054,152.5
5055,152.25
5056,152.0
5057,152.0
5058,152.0
5059,151.5
5060,151.5
5061,149.0
5062,149.0
5063,148.5
5064,148.5
5065,152.25
5066,152.25
5067,153.0
5068,152.5
5069,152.5
5070,152.0
5071,150.75
5072,150.75
5073,149.75
5074,149.75
5075,149.75
5076,149.75
5077,150.0
5078,151.5
5079,151.5
5080,151.5
5081,151.5
5082,150.75
5083,149.5
5084,149.5
5085,149.5
5086,149.5
5087,149.0
5088,149.0
5089,148.0
5090,148.5
5091,148.5
5092,147.75
5093,147.75
5094,147.75
5095,147.5
5096,147.75
5097,147.75
5098,148.0
5099,148.0
5100,148.0
5101,148.5
5102,148.5
5103,149.5
5104,150.25
5105,150.25
5106,149.5
5107,149.25
5108,149.25
5109,149.75
5110,149.75
5111,150.0
5112,150.0
5113,149.75
5114,148.5
5115,148.5
5116,147.5
5117,147.5
5118,147.75
5119,147.75
5120,147.25
5121,146.75
5122,146.75
5123,147.5
5124,149.0
5125,149.0
5126,149.0
5127,149.0
5128,149.0
5129,149.0
5130,149.0
5131,149.0
5132,150.25
5133,151.25
5134,151.25
5135,151.25
5136,150.75
5137,150.75
5138,149.0
5139,149.0
5140,148.0
5141,148.75
5142,148.75
5143,149.75
5144,149.25
5145,149.25
5146,148.5
5147,148.5
5148,148.75
5149,148.75
5150,148.75
5151,148.0
5152,148.0
5153,148.25
5154,149.0
5155,149.0
5156,149.5
5157,149.5
5158,150.5
5159,150.5
5160,149.75
5161,149.75
5162,149.5
5163,149.5
5164,149.5
5165,150.25
5166,150.25
5167,150.5
5168,149.5
5169,149.5
5170,148.75
5171,148.75
5172,148.75
5173,149.0
5174,149.0
5175,147.75
5176,148.25
5177,148.25
5178,149.0
5179,149.0
5180,149.25
5181,149.25
5182,149.25
5183,150.25
5184,150.25
5185,150.5
5186,150.5
5187,150.0
5188,150.0
5189,149.0
5190,149.0
5191,148.5
5192,148.5
5193,148.25
5194,148.75
5195,148.75
5196,147.25
5197,147.25
5198,147.25
5199,149.5
5200,149.5
5201,149.25
5202,149.25
5203,148.25
5204,148.25
5205,148.25
5206,148.75
5207,148.75
5208,148.75
5209,147.75
5210,148.25
5211,148.25
5212,151.0
5213,149.75
5214,149.75
5215,149.75
5216,149.25
5217,149.25
5218,149.25
5219,149.25
5220,149.25
5221,148.0
5222,148.0
5223,148.5
5224,148.5
5225,149.25
5226,149.25
5227,150.0
5228,149.75
5229,149.75
5230,149.75
5231,148.5
5232,148.5
5233,148.5
5234,148.5
5235,145.75
5236,146.0
5237,146.0
5238,148.0
5239,148.0
5240,147.75
5241,147.25
5242,147.25
5243,147.25
5244,147.25
5245,147.5
5246,145.75
5247,145.75
5248,145.5
5249,145.5
5250,145.0
5251,145.0
5252,145.0
5253,144.75
5254,144.25
5255,144.25
5256,144.25
5257,145.25
5258,145.75
5259,145.75
5260,145.75
5261,145.75
5262,145.75
5263,145.75
5264,147.25
5265,147.25
5266,147.25
5267,147.25
5268,147.0
5269,147.0
5270,152.25
5271,152.25
5272,152.25
5273,151.0
5274,149.75
5275,149.75
5276,150.0
5277,150.0
5278,150.0
5279,150.0
5280,150.0
5281,147.75
5282,147.75
5283,147.75
5284,147.75
5285,147.75
5286,147.75
5287,147.25
5288,147.0
5289,147.0
5290,148.0
5291,148.0
5292,148.25
5293,148.25
5294,148.25
5295,148.25
5296,148.25
5297,149.0
5298,149.0
5299,149.75
5300,150.25
5301,150.25
5302,150.5
5303,150.5
5304,147.5
5305,147.5
5306,146.25
5307,146.25
5308,146.0
5309,146.0
5310,146.0
5311,146.0
5312,146.0
5313,147.5
5314,147.5
5315,147.5
5316,147.5
5317,146.75
5318,146.75
5319,146.75
5320,145.25
5321,142.75
5322,142.75
5323,145.25
5324,145.25
5325,146.0
5326,146.0
5327,146.5
5328,146.75
5329,146.75
5330,146.25
5331,146.25
5332,144.5
5333,144.5
5334,135.25
5335,133.0
5336,133.0
5337,133.5
5338,133.5
5339,133.5
5340,133.5
5341,135.75
5342,135.75
5343,135.75
5344,136.5
5345,136.5
5346,136.5
5347,136.5
5348,136.5
5349,139.0
5350,141.75
5351,141.75
5352,142.75
5353,142.75
5354,144.0
5355,144.0
5356,145.0
5357,145.0
5358,145.0
5359,146.25
5360,146.25
5361,146.25
5362,145.25
5363,145.25
5364,145.25
5365,145.5
5366,145.5
5367,146.0
5368,146.25
5369,146.25
5370,145.75
5371,145.75
5372,145.5
5373,145.5
5374,145.5
5375,145.25
5376,145.25
5377,146.0
5378,145.5
5379,145.5
5380,145.75
5381,145.75
5382,147.0
5383,147.0
5384,147.0
5385,146.0
5386,146.0
5387,145.75
5388,145.75
5389,145.75
5390,144.75
5391,144.75
5392,144.75
5393,145.75
5394,145.75
5395,145.0
5396,145.0
5397,145.0
5398,149.5
5399,149.5
5400,147.75
5401,147.0
5402,147.0
5403,146.5
5404,145.25
5405,145.25
5406,144.5
5407,144.5
5408,144.75
5409,144.75
5410,144.75
5411,144.75
5412,143.75
5413,143.75
5414,145.0
5415,145.0
5416,145.0
5417,146.0
5418,146.0
5419,146.0
5420,146.0
5421,147.0
5422,147.0
5423,147.5
5424,147.0
5425,147.0
5426,146.25
5427,146.25
5428,146.25
5429,146.25
5430,146.25
5431,145.5
5432,144.75
5433,144.75
5434,144.75
5435,143.75
5436,143.75
5437,143.0
5438,143.0
5439,143.75
5440,143.75
5441,143.25
5442,143.25
5443,143.5
5444,144.5
5445,144.5
5446,144.5
5447,142.5
5448,142.5
5449,142.5
5450,136.75
5451,136.75
5452,136.75
5453,140.25
5454,141.75
5455,141.75
5456,143.25
5457,143.25
5458,143.25
5459,143.25
5460,143.25
5461,143.25
5462,143.25
5463,144.75
5464,144.75
5465,144.75
5466,145.25
5467,145.25
5468,145.5
5469,145.75
5470,145.75
5471,146.0
5472,146.0
5473,146.0
5474,146.0
5475,146.0
5476,145.75
5477,145.75
5478,145.75
5479,144.75
5480,144.75
5481,144.5
5482,144.75
5483,144.75
5484,144.75
5485,144.75
5486,145.0
5487,145.0
5488,145.0
5489,145.25
5490,145.25
5491,145.5
5492,145.5
5493,145.5
5494,145.5
5495,145.5
5496,145.75
5497,145.75
5498,147.0
5499,147.0
5500,146.25
5501,146.75
5502,146.75
5503,147.75
5504,147.75
5505,147.25
5506,147.25
5507,146.0
5508,146.0
5509,146.0
5510,142.75
5511,142.75
5512,141.5
5513,141.5
5514,141.5
5515,140.0
5516,140.0
5517,140.25
5518,140.25
5519,141.75
5520,141.75
5521,143.25
5522,143.5
5523,143.5
5524,144.0
5525,144.0
5526,144.0
5527,143.75
5528,143.75
5529,144.75
5530,144.75
5531,145.5
5532,144.25
5533,144.25
5534,144.25
5535,143.5
5536,143.5
5537,143.5
5538,143.5
5539,143.75
5540,143.75
5541,142.25
5542,142.25
5543,141.0
5544,141.0
5545,141.0
5546,141.5
5547,142.5
5548,142.5
5549,143.25
5550,143.25
5551,143.25
5552,146.25
5553,146.25
5554,144.5
5555,144.5
5556,143.5
5557,143.5
5558,143.75
5559,143.75
5560,143.25
5561,145.75
5562,145.75
5563,145.75
5564,145.0
5565,145.5
5566,145.5
5567,144.25
5568,144.25
5569,144.25
5570,144.5
5571,144.5
5572,144.75
5573,144.75
5574,145.0
5575,144.5
5576,144.5
5577,143.75
5578,143.75
5579,143.75
5580,143.25
5581,143.25
5582,142.25
5583,142.25
5584,140.75
5585,140.75
5586,140.0
5587,141.0
5588,141.0
5589,141.75
5590,141.75
5591,142.5
5592,143.25
5593,143.25
5594,143.75
5595,143.75
5596,143.25
5597,143.25
5598,142.75
5599,142.75
5600,142.75
5601,142.75
5602,143.0
5603,143.0
5604,143.0
5605,143.0
5606,143.0
5607,142.0
5608,142.0
5609,142.0
5610,142.0
5611,142.5
5612,143.5
5613,143.5
5614,144.0
5615,144.0
5616,144.0
5617,144.0
5618,144.0
5619,144.25
5620,144.25
5621,144.25
5622,144.25
5623,144.25
5624,144.25
5625,144.25
5626,143.25
5627,142.75
5628,142.75
5629,143.25
5630,143.25
5631,143.25
5632,143.25
5633,143.25
5634,144.25
5635,144.25
5636,144.75
5637,144.5
5638,144.5
5639,145.5
5640,145.5
5641,143.5
5642,142.75
5643,142.75
5644,143.0
5645,143.0
5646,143.5
5647,143.5
5648,143.5
5649,142.5
5650,142.5
5651,142.5
5652,142.5
5653,143.0
5654,143.5
5655,143.5
5656,143.5
5657,145.75
5658,145.75
5659,145.5
5660,145.5
5661,144.75
5662,144.75
5663,144.75
5664,145.25
5665,145.25
5666,144.75
5667,144.75
5668,144.25
5669,144.25
5670,144.25
5671,143.5
5672,141.5
5673,141.5
5674,141.5
5675,141.0
5676,141.0
5677,140.5
5678,140.5
5679,140.5
5680,140.75
5681,140.75
5682,141.5
5683,141.75
5684,141.75
5685,141.75
5686,141.75
5687,141.75
5688,141.5
5689,141.5
5690,141.5
5691,141.5
5692,141.5
5693,143.5
5694,143.5
5695,143.0
5696,143.0
5697,142.5
5698,141.75
5699,141.75
5700,141.25
5701,141.25
5702,141.0
5703,141.0
5704,141.0
5705,142.25
5706,142.25
5707,142.5
5708,142.0
5709,142.0
5710,142.0
5711,142.0
5712,142.0
5713,142.0
5714,140.5
5715,140.5
5716,140.5
5717,140.5
5718,140.5
5719,139.25
5720,139.25
5721,139.25
5722,141.5
5723,141.5
5724,142.25
5725,142.25
5726,142.25
5727,142.25
5728,142.25
5729,142.25
5730,142.25
5731,142.25
5732,142.25
5733,140.0
5734,139.0
5735,139.0
5736,139.0
5737,138.75
5738,138.75
5739,138.75
5740,138.75
5741,138.75
5742,138.75
5743,138.75
5744,138.75
5745,139.75
5746,139.75
5747,139.75
5748,140.25
5749,140.25
5750,140.25
5751,140.25
5752,140.5
5753,140.5
5754,140.5
5755,140.5
5756,138.25
5757,138.25
5758,137.0
5759,137.0
5760,137.0
5761,137.0
5762,137.0
5763,137.0
5764,137.0
5765,137.0
5766,137.0
5767,133.58333333333334
5768,130.16666666666666
5769,126.75
5770,126.75
5771,126.75
5772,126.75
5773,126.75
5774,126.75
5775,126.75
5776,126.75
5777,126.75
5778,126.75
5779,126.75
5780,126.75
5781,126.75
5782,148.5
5783,148.5
5784,147.5
5785,147.5
5786,145.5
5787,145.5
5788,144.5
5789,144.5
5790,144.5
5791,144.5
5792,144.5
5793,142.0
5794,142.0
5795,141.25
5796,141.25
5797,141.25
5798,142.75
5799,142.75
5800,144.0
5801,144.0
5802,145.5
5803,145.5
5804,144.5
5805,144.5
5806,144.5
5807,144.25
5808,144.25
5809,144.25
5810,146.0
5811,146.0
5812,146.25
5813,146.25
5814,146.25
5815,146.25
5816,146.25
5817,146.25
5818,146.25
5819,146.25
5820,146.25
5821,146.25
5822,146.25
5823,146.04545454545453
5824,145.8409090909091
5825,145.63636363636363
5826,145.4318181818182
5827,145.22727272727272
5828,145.02272727272728
5829,144.8181818181818
5830,144.61363636363637
5831,144.4090909090909
5832,144.20454545454547
5833,144.0
5834,144.0
5835,144.0
5836,141.0
5837,141.0
5838,138.25
5839,138.25
5840,138.75
5841,138.75
5842,139.75
5843,139.75
5844,139.5
5845,139.5
5846,139.75
5847,139.75
5848,140.25
5849,140.5
5850,140.5
5851,139.25
5852,139.25
5853,139.5
5854,139.25
5855,139.25
5856,139.25
5857,139.25
5858,139.25
5859,139.25
5860,137.5
5861,137.5
5862,137.75
5863,137.75
5864,137.25
5865,135.75
5866,135.75
5867,135.75
5868,135.5
5869,135.5
5870,136.5
5871,136.75
5872,136.75
5873,138.25
5874,138.25
5875,138.25
5876,141.0
5877,141.0
5878,140.75
5879,140.75
5880,139.75
5881,139.75
5882,139.75
5883,139.75
5884,138.5
5885,138.5
5886,138.5
5887,132.0
5888,132.0
5889,132.0
5890,131.5
5891,131.5
5892,133.5
5893,134.5
5894,134.5
5895,134.75
5896,134.75
5897,134.75
5898,134.75
5899,135.0
5900,135.0
5901,135.0
5902,135.0
5903,135.0
5904,135.0
5905,138.5
5906,138.5
5907,138.5
5908,138.5
5909,138.5
5910,138.5
5911,138.5
5912,138.5
5913,138.5
5914,138.5
5915,129.25
5916,129.25
5917,129.25
5918,127.0
5919,127.0
5920,127.0
5921,127.0
5922,127.0
5923,127.0
5924,134.25
5925,134.25
5926,136.75
5927,136.75
5928,137.5
5929,137.75
5930,137.75
5931,138.75
5932,138.75
5933,139.5
5934,139.5
5935,139.75
5936,139.75
5937,139.75
5938,139.5
5939,139.5
5940,140.25
5941,140.25
5942,138.5
5943,138.5
5944,138.5
5945,136.25
5946,136.25
5947,136.0
5948,136.0
5949,136.0
5950,136.0
5951,136.0
5952,136.0
5953,136.0
5954,136.0
5955,136.0
5956,135.25
5957,135.25
5958,135.25
5959,132.0
5960,128.75
5961,125.5
5962,125.5
5963,124.25
5964,124.25
5965,124.0
5966,124.0
5967,124.0
5968,124.0
5969,124.0
5970,124.0
5971,124.0
5972,138.5
5973,138.5
5974,137.25
5975,137.25
5976,140.0
5977,140.0
5978,138.5
5979,138.5
5980,138.5
5981,139.75
5982,139.75
5983,138.5
5984,137.5
5985,137.5
5986,137.5
5987,137.5
5988,137.0
5989,137.0
5990,137.0
5991,137.0
5992,137.0
5993,135.66666666666666
5994,134.33333333333334
5995,133.0
5996,133.0
5997,134.5
5998,133.75
5999,133.75
6000,134.0
6001,134.0
6002,135.25
6003,135.25
6004,136.0
6005,136.0
6006,136.25
6007,136.25
6008,136.25
6009,136.0
6010,136.0
6011,134.75
6012,134.75
6013,133.75
6014,133.75
6015,133.75
6016,134.5
6017,135.25
6018,135.25
6019,135.5
6020,135.5
6021,136.5
6022,136.5
6023,137.0
6024,137.0
6025,137.0
6026,135.0
6027,135.0
6028,136.25
6029,136.25
6030,137.0
6031,138.5
6032,138.5
6033,138.0
6034,138.0
6035,137.5
6036,137.5
6037,137.75
6038,137.75
6039,136.25
6040,135.75
6041,135.75
6042,135.0
6043,135.0
6044,133.0
6045,133.0
6046,131.25
6047,131.5
6048,131.5
6049,133.25
6050,133.25
6051,135.25
6052,135.25
6053,135.25
6054,135.25
6055,134.5
6056,134.75
6057,134.75
6058,134.75
6059,134.75
6060,134.25
6061,134.25
6062,134.25
6063,134.75
6064,134.75
6065,134.0
6066,134.0
6067,134.0
6068,134.0
6069,134.0
6070,134.0
6071,134.75
6072,134.75
6073,135.5
6074,135.5
6075,135.0
6076,135.0
6077,135.25
6078,135.75
6079,135.75
6080,134.75
6081,134.75
6082,132.0
6083,132.0
6084,130.75
6085,130.75
6086,132.0
6087,132.0
6088,131.5
6089,130.75
6090,130.75
6091,132.5
6092,132.5
6093,132.75
6094,132.75
6095,132.5
6096,132.5
6097,130.75
6098,130.75
6099,130.75
6100,134.0
6101,134.0
6102,136.25
6103,136.25
6104,137.75
6105,137.75
6106,136.0
6107,134.75
6108,134.75
6109,135.25
6110,135.25
6111,136.5
6112,138.0
6113,138.0
6114,138.75
6115,138.75
6116,139.75
6117,141.0
6118,141.0
6119,141.0
6120,141.0
6121,140.0
6122,140.0
6123,139.25
6124,139.25
6125,139.25
6126,139.25
6127,139.25
6128,138.5
6129,138.5
6130,138.5
6131,140.25
6132,140.25
6133,140.25
6134,140.5
6135,140.5
6136,138.75
6137,137.25
6138,137.25
6139,138.25
6140,138.25
6141,139.25
6142,139.75
6143,139.75
6144,139.75
6145,139.75
6146,139.25
6147,139.25
6148,139.25
6149,139.75
6150,139.75
6151,139.75
6152,139.25
6153,139.75
6154,139.75
6155,141.25
6156,141.25
6157,141.0
6158,141.0
6159,140.75
6160,140.75
6161,140.75
6162,141.75
6163,141.5
6164,141.5
6165,142.0
6166,142.0
6167,142.25
6168,142.25
6169,141.0
6170,141.0
6171,140.25
6172,140.25
6173,140.25
6174,141.5
6175,141.5
6176,142.0
6177,142.25
6178,142.25
6179,140.75
6180,140.75
6181,140.75
6182,139.5
6183,139.75
6184,139.75
6185,139.0
6186,139.0
6187,138.25
6188,138.25
6189,136.5
6190,136.0
6191,136.0
6192,136.5
6193,136.5
6194,137.25
6195,137.25
6196,138.25
6197,138.75
6198,138.75
6199,139.0
6200,139.0
6201,138.0
6202,138.0
6203,137.5
6204,137.5
6205,137.5
6206,137.5
6207,137.5
6208,137.25
6209,137.25
6210,136.75
6211,135.75
6212,135.75
6213,134.5
6214,134.5
6215,132.5
6216,132.5
6217,130.75
6218,130.75
6219,128.5
6220,128.5
6221,129.25
6222,129.25
6223,129.25
6224,129.25
6225,129.25
6226,129.25
6227,129.25
6228,131.75
6229,131.75
6230,131.75
6231,124.0
6232,124.0
6233,122.5
6234,122.5
6235,122.0
6236,122.0
6237,122.75
6238,122.75
6239,122.25
6240,122.25
6241,120.0
6242,120.0
6243,120.0
6244,120.0
6245,114.5
6246,114.5
6247,114.5
6248,114.5
6249,111.75
6250,111.75
6251,110.75
6252,110.75
6253,110.75
6254,110.75
6255,110.75
6256,110.75
6257,110.75
6258,110.75
6259,110.75
6260,110.75
6261,110.75
6262,110.75
6263,112.10344827586206
6264,113.45689655172414
6265,114.8103448275862
6266,116.16379310344827
6267,117.51724137931035
6268,118.87068965517241
6269,120.22413793103448
6270,121.57758620689656
6271,122.93103448275862
6272,124.2844827586207
6273,125.63793103448276
6274,126.99137931034483
6275,128.3448275862069
6276,129.69827586206895
6277,131.05172413793105
6278,132.4051724137931
6279,133.75862068965517
6280,135.11206896551724
6281,136.4655172413793
6282,137.8189655172414
6283,139.17241379310346
6284,140.52586206896552
6285,141.8793103448276
6286,143.23275862068965
6287,144.58620689655172
6288,145.93965517241378
6289,147.29310344827587
6290,148.64655172413794
6291,150.0
6292,150.0
6293,150.0
6294,150.0
6295,148.5
6296,148.5
6297,147.5
6298,147.5
6299,144.75
6300,144.75
6301,143.5
6302,144.75
6303,144.75
6304,145.75
6305,145.75
6306,147.0
6307,147.25
6308,147.25
6309,147.0
6310,147.0
6311,147.0
6312,147.75
6313,147.75
6314,148.0
6315,148.0
6316,148.75
6317,148.75
6318,149.5
6319,150.25
6320,150.25
6321,150.25
6322,150.5
6323,150.5
6324,150.5
6325,150.5
6326,150.5
6327,150.25
6328,150.25
6329,150.25
6330,150.25
6331,150.25
6332,151.5
6333,151.75
6334,151.75
6335,151.75
6336,149.75
6337,149.75
6338,150.75
6339,150.75
6340,151.5
6341,151.5
6342,151.75
6343,151.75
6344,152.5
6345,152.5
6346,152.0
6347,151.25
6348,151.25
6349,150.75
6350,150.75
6351,150.75
6352,150.25
6353,150.25
6354,149.5
6355,148.75
6356,148.75
6357,149.5
6358,149.5
6359,149.25
6360,149.25
6361,148.75
6362,148.5
6363,148.5
6364,148.5
6365,148.5
6366,149.0
6367,149.0
6368,149.0
6369,148.0
6370,147.75
6371,147.75
6372,148.5
6373,148.5
6374,149.0
6375,149.0
6376,147.75
6377,148.25
6378,148.25
6379,148.5
6380,148.5
6381,148.5
6382,149.5
6383,149.5
6384,149.5
6385,149.5
6386,149.25
6387,149.25
6388,148.0
6389,148.0
6390,147.5
6391,147.5
6392,147.5
6393,147.75
6394,147.75
6395,148.5
6396,148.5
6397,147.75
6398,147.75
6399,148.25
6400,148.25
6401,147.75
6402,148.5
6403,148.5
6404,149.0
6405,149.0
6406,149.5
6407,150.5
6408,150.5
6409,150.5
6410,151.0
6411,151.0
6412,150.0
6413,150.25
6414,150.25
6415,148.5
6416,148.5
6417,148.5
6418,148.5
6419,149.75
6420,150.25
6421,150.25
6422,149.5
6423,149.5
6424,148.75
6425,148.75
6426,149.5
6427,149.5
6428,150.0
6429,150.0
6430,148.75
6431,148.75
6432,147.5
6433,147.5
6434,147.5
6435,147.75
6436,147.75
6437,147.75
6438,148.0
6439,147.75
6440,147.75
6441,148.25
6442,149.25
6443,149.25
6444,149.75
6445,149.75
6446,150.25
6447,150.25
6448,149.5
6449,149.5
6450,149.5
6451,149.5
6452,148.0
6453,148.0
6454,148.25
6455,148.5
6456,148.5
6457,149.25
6458,149.5
6459,149.5
6460,149.5
6461,148.75
6462,148.5
6463,148.5
6464,148.5
6465,149.0
6466,149.0
6467,148.0
6468,148.0
6469,147.75
6470,147.25
6471,147.25
6472,147.25
6473,147.25
6474,147.25
6475,147.5
6476,147.5
6477,147.5
6478,147.5
6479,147.5
6480,148.0
6481,148.0
6482,148.25
6483,148.25
6484,148.25
6485,148.25
6486,148.25
6487,146.5
6488,146.5
6489,147.0
6490,147.0
6491,146.5
6492,145.0
6493,145.0
6494,145.25
6495,145.25
6496,146.25
6497,146.25
6498,146.25
6499,145.5
6500,146.0
6501,146.0
6502,146.75
6503,146.75
6504,147.0
6505,145.75
6506,145.75
6507,146.0
6508,146.0
6509,146.25
6510,146.25
6511,146.25
6512,145.0
6513,144.5
6514,144.5
6515,144.5
6516,144.5
6517,145.5
6518,145.5
6519,145.0
6520,144.25
6521,144.25
6522,143.75
6523,143.75
6524,144.0
6525,144.25
6526,144.25
6527,144.25
6528,143.5
6529,143.5
6530,144.25
6531,144.25
6532,144.75
6533,144.75
6534,145.75
6535,146.25
6536,146.25
6537,146.25
6538,144.5
6539,144.5
6540,143.0
6541,143.0
6542,143.5
6543,143.5
6544,144.5
6545,144.5
6546,144.5
6547,144.5
6548,144.25
6549,143.0
6550,143.0
6551,142.5
6552,143.5
6553,143.5
6554,143.5
6555,144.25
6556,144.25
6557,143.75
6558,143.25
6559,143.25
6560,144.0
6561,144.0
6562,144.25
6563,144.5
6564,144.5
6565,144.25
6566,144.25
6567,144.25
6568,144.25
6569,144.25
6570,144.25
6571,144.25
6572,144.5
6573,144.5
6574,145.0
6575,146.0
6576,146.0
6577,146.25
6578,146.25
6579,145.25
6580,145.25
6581,145.25
6582,144.75
6583,144.75
6584,144.5
6585,145.0
6586,145.0
6587,146.0
6588,146.0
6589,146.0
6590,146.0
6591,146.0
6592,146.0
6593,146.0
6594,145.5
6595,145.5
6596,145.75
6597,145.75
6598,144.5
6599,144.5
6600,144.25
6601,143.25
6602,143.25
6603,143.75
6604,143.75
6605,144.75
6606,144.75
6607,144.25
6608,144.5
6609,144.5
6610,144.5
6611,144.5
6612,144.5
6613,144.5
6614,144.0
6615,144.0
6616,144.0
6617,143.5
6618,143.5
6619,143.5
6620,143.5
6621,143.5
6622,144.0
6623,144.0
6624,144.25
6625,144.25
6626,144.5
6627,144.5
6628,144.5
6629,144.5
6630,144.0
6631,144.0
6632,143.5
6633,143.5
6634,143.75
6635,143.75
6636,143.75
6637,143.0
6638,142.75
6639,142.75
6640,142.25
6641,142.75
6642,142.75
6643,144.5
6644,144.5
6645,143.75
6646,143.75
6647,143.25
6648,143.5
6649,143.5
6650,143.75
6651,143.75
6652,143.0
6653,142.75
6654,142.75
6655,142.75
6656,142.75
6657,142.75
6658,141.75
6659,141.75
6660,141.75
6661,143.75
6662,143.75
6663,144.0
6664,144.0
6665,145.0
6666,145.75
6667,145.75
6668,145.75
6669,145.0
6670,145.0
6671,145.5
6672,145.5
6673,145.75
6674,145.75
6675,145.75
6676,146.25
6677,146.25
6678,146.5
6679,146.5
6680,144.0
6681,144.0
6682,144.0
6683,140.5
6684,141.0
6685,141.0
6686,141.25
6687,141.25
6688,140.75
6689,140.75
6690,140.25
6691,140.25
6692,140.25
6693,137.0
6694,137.0
6695,136.25
6696,136.25
6697,136.25
6698,136.25
6699,136.25
6700,133.25
6701,133.25
6702,133.25
6703,132.0
6704,132.0
6705,134.5
6706,134.5
6707,134.5
6708,137.5
6709,137.5
6710,137.5
6711,137.0
6712,137.0
6713,137.0
6714,137.5
6715,137.5
6716,138.75
6717,138.75
6718,139.25
6719,139.25
6720,141.25
6721,141.25
6722,142.5
6723,143.75
6724,143.75
6725,145.0
6726,145.0
6727,146.75
6728,146.75
6729,147.5
6730,147.5
6731,147.5
6732,147.5
6733,147.75
6734,147.75
6735,147.75
6736,148.25
6737,147.25
6738,147.25
6739,146.75
6740,147.0
6741,147.0
6742,147.0
6743,147.0
6744,147.5
6745,147.5
6746,148.0
6747,148.0
6748,148.5
6749,148.75
6750,148.75
6751,149.25
6752,149.25
6753,150.0
6754,150.0
6755,150.0
6756,151.0
6757,151.0
6758,151.0
6759,151.0
6760,151.0
6761,151.0
6762,151.0
6763,151.0
6764,151.0
6765,151.0
6766,150.75
6767,150.75
6768,151.75
6769,151.75
6770,151.75
6771,150.75
6772,150.75
6773,151.0
6774,151.0
6775,152.25
6776,152.25
6777,152.25
6778,152.25
6779,152.25
6780,152.25
6781,152.25
6782,152.0
6783,152.0
6784,152.0
6785,152.0
6786,152.0
6787,151.25
6788,151.25
6789,151.25
6790,152.25
6791,152.25
6792,152.25
6793,150.25
6794,150.25
6795,151.0
6796,152.0
6797,152.0
6798,152.25
6799,151.25
6800,151.25
6801,151.25
6802,149.75
6803,149.75
6804,148.5
6805,148.5
6806,147.25
6807,146.0
6808,146.0
6809,146.75
6810,146.75
6811,146.5
6812,145.75
6813,145.75
6814,145.75
6815,146.75
6816,146.75
6817,146.75
6818,146.75
6819,146.75
6820,150.25
6821,148.75
6822,148.75
6823,148.25
6824,148.75
6825,148.75
6826,149.25
6827,149.25
6828,149.75
6829,149.75
6830,148.75
6831,148.75
6832,148.5
6833,149.5
6834,149.5
6835,150.75
6836,150.75
6837,150.75
6838,151.5
6839,151.75
6840,151.75
6841,151.75
6842,151.75
6843,151.25
6844,151.0
6845,151.0
6846,152.0
6847,152.0
6848,152.25
6849,152.25
6850,153.75
6851,152.75
6852,152.75
6853,152.75
6854,151.5
6855,151.5
6856,151.75
6857,151.75
6858,152.75
6859,152.75
6860,153.25
6861,153.25
6862,153.0
6863,153.0
6864,153.75
6865,153.75
6866,154.5
6867,154.5
6868,152.25
6869,152.25
6870,152.25
6871,148.0
6872,148.0
6873,150.5
6874,151.0
6875,151.0
6876,151.25
6877,151.25
6878,151.25
6879,151.5
6880,151.5
6881,155.0
6882,155.0
6883,155.0
6884,155.0
6885,155.0
6886,154.0
6887,154.0
6888,154.0
6889,154.0
6890,154.0
6891,156.0
6892,156.25
6893,156.25
6894,156.25
6895,156.5
6896,156.5
6897,156.5
6898,156.5
6899,156.5
6900,155.0
6901,155.0
6902,155.0
6903,155.0
6904,155.0
6905,153.25
6906,153.25
6907,152.25
6908,152.0
6909,152.0
6910,152.25
6911,152.25
6912,152.25
6913,152.25
6914,152.25
6915,152.25
6916,154.25
6917,154.25
6918,153.75
6919,153.5
6920,153.5
6921,153.25
6922,153.25
6923,153.0
6924,153.0
6925,152.25
6926,152.25
6927,152.0
6928,153.75
6929,153.75
6930,154.0
6931,153.5
6932,153.5
6933,152.5
6934,152.5
6935,151.5
6936,151.5
6937,151.25
6938,151.25
6939,151.25
6940,151.25
6941,149.5
6942,149.5
6943,150.25
6944,150.25
6945,150.5
6946,150.75
6947,150.75
6948,151.25
6949,151.75
6950,151.75
6951,152.25
6952,152.25
6953,152.25
6954,152.25
6955,152.25
6956,152.25
6957,152.25
6958,151.5
6959,151.5
6960,151.5
6961,151.5
6962,151.5
6963,151.5
6964,151.5
6965,151.5
6966,151.5
6967,151.5
6968,153.0
6969,153.0
6970,152.0
6971,152.0
6972,150.75
6973,150.75
6974,148.25
6975,148.25
6976,151.5
6977,151.5
6978,151.5
6979,151.25
6980,151.25
6981,151.5
6982,151.5
6983,151.5
6984,151.5
6985,151.5
6986,151.75
6987,151.75
6988,151.5
6989,149.5
6990,149.5
6991,150.0
6992,150.0
6993,150.0
6994,150.0
6995,150.25
6996,150.25
6997,149.75
6998,149.75
6999,150.0
7000,150.5
7001,150.5
7002,151.0
7003,151.0
7004,151.25
7005,152.0
7006,152.0
7007,152.0
7008,153.0
7009,153.0
7010,152.75
7011,153.25
7012,153.25
7013,153.0
7014,152.25
7015,152.25
7016,151.75
7017,152.0
7018,152.0
7019,152.0
7020,152.0
7021,152.25
7022,152.25
7023,152.25
7024,151.5
7025,151.5
7026,151.5
7027,151.5
7028,152.5
7029,152.5
7030,152.75
7031,152.75
7032,153.25
7033,153.25
7034,153.75
7035,153.75
7036,153.75
7037,153.75
7038,153.75
7039,153.75
7040,153.75
7041,153.75
7042,153.75
7043,153.75
7044,149.91666666666666
7045,146.08333333333334
7046,142.25
7047,142.25
7048,142.25
7049,153.25
7050,153.25
7051,155.75
7052,155.75
7053,156.5
7054,156.5
7055,154.5
7056,154.5
7057,153.75
7058,153.75
7059,156.75
7060,156.25
7061,156.25
7062,156.25
7063,156.25
7064,156.25
7065,156.25
7066,154.75
7067,155.0
7068,155.0
7069,155.25
7070,155.25
7071,155.25
7072,155.25
7073,155.25
7074,155.25
7075,155.25
7076,155.25
7077,155.25
7078,150.5
7079,150.5
7080,150.0
7081,150.0
7082,150.0
7083,150.5
7084,150.5
7085,150.5
7086,149.5
7087,149.5
7088,149.5
7089,149.5
7090,149.5
7091,149.5
7092,149.5
7093,149.5
7094,149.5
7095,149.5
7096,147.0
7097,147.0
7098,143.75
7099,142.75
7100,142.75
7101,142.75
7102,145.0
7103,145.75
7104,145.75
7105,146.75
7106,146.75
7107,147.0
7108,145.75
7109,145.75
7110,144.75
7111,144.75
7112,144.75
7113,147.0
7114,147.0
7115,148.0
7116,148.0
7117,145.25
7118,145.25
7119,145.5
7120,145.5
7121,146.25
7122,146.25
7123,145.5
7124,145.0
7125,145.0
7126,144.5
7127,144.5
7128,144.75
7129,144.75
7130,144.75
7131,144.75
7132,144.25
7133,144.25
7134,146.5
7135,146.5
7136,146.5
7137,151.0
7138,151.0
7139,152.75
7140,152.75
7141,149.25
7142,149.25
7143,147.75
7144,147.75
7145,147.75
7146,145.0
7147,145.0
7148,145.0
7149,146.75
7150,145.0
7151,145.0
7152,144.0
7153,144.0
7154,143.5
7155,143.5
7156,143.5
7157,145.0
7158,146.5
7159,148.0
7160,148.0
7161,148.5
7162,148.5
7163,148.5
7164,147.25
7165,147.5
7166,147.5
7167,148.5
7168,148.5
7169,149.25
7170,149.5
7171,149.5
7172,149.25
7173,149.25
7174,147.75
7175,147.75
7176,147.75
7177,147.75
7178,148.25
7179,148.25
7180,149.5
7181,149.5
7182,150.0
7183,150.0
7184,150.25
7185,150.25
7186,147.0
7187,147.0
7188,147.0
7189,146.75
7190,146.75
7191,146.75
7192,146.75
7193,146.75
7194,146.5
7195,146.5
7196,146.5
7197,146.5
7198,146.5
7199,146.5
7200,147.625
7201,148.75
7202,148.75
7203,150.25
7204,150.25
7205,150.0
7206,150.0
7207,150.25
7208,150.25
7209,150.25
7210,150.25
7211,150.25
7212,147.5
7213,147.5
7214,148.0
7215,148.0
7216,148.0
7217,147.5
7218,147.0
7219,146.5
7220,146.5
7221,146.75
7222,146.75
7223,146.75
7224,146.75
7225,146.75
7226,147.75
7227,149.25
7228,149.25
7229,150.0
7230,150.0
7231,150.5
7232,150.5
7233,150.5
7234,150.5
7235,150.5
7236,150.5
7237,151.5
7238,151.5
7239,147.75
7240,147.75
7241,148.0
7242,148.0
7243,150.0
7244,150.0
7245,150.0
7246,151.0
7247,151.25
7248,151.25
7249,151.25
7250,151.25
7251,151.25
7252,151.25
7253,151.25
7254,151.25
7255,151.25
7256,152.0
7257,152.0
7258,151.5
7259,151.75
7260,151.75
7261,151.75
7262,151.75
7263,152.0
7264,152.0
7265,152.0
7266,152.0
7267,152.0
7268,152.0
7269,152.0
7270,152.0
7271,152.0
7272,152.0
7273,152.25
7274,152.25
7275,152.25
7276,152.25
7277,152.25
7278,152.25
7279,152.25
7280,152.25
7281,152.33333333333334
7282,152.41666666666666
7283,152.5
7284,152.5
7285,154.0
7286,154.0
7287,154.25
7288,154.5
7289,154.75
7290,155.0
7291,155.0
7292,155.0
7293,155.0
7294,155.0
7295,155.0
7296,155.0
7297,155.0
7298,155.0
7299,155.0
7300,156.25
7301,156.25
7302,156.5
7303,156.5
7304,156.75
7305,156.75
7306,156.75
7307,156.75
7308,156.75
7309,156.75
7310,157.0
7311,157.0
7312,157.5
7313,157.5
7314,156.75
7315,156.75
7316,156.25
7317,156.25
7318,156.25
7319,156.0
7320,156.0
7321,156.0
7322,155.0
7323,155.0
7324,155.0
7325,154.5
7326,155.25
7327,155.25
7328,155.25
7329,155.25
7330,156.0
7331,156.0
7332,158.0
7333,158.0
7334,158.75
7335,159.0
7336,159.0
7337,159.0
7338,159.0
7339,159.0
7340,153.0
7341,153.0
7342,153.0
7343,149.0
7344,147.25
7345,147.25
7346,146.5
7347,146.25
7348,146.25
7349,145.25
7350,145.25
7351,146.75
7352,146.75
7353,148.25
7354,148.25
7355,148.25
7356,148.0
7357,147.75
7358,147.75
7359,147.75
7360,149.75
7361,149.75
7362,150.0
7363,150.0
7364,150.0
7365,149.0
7366,149.0
7367,147.5
7368,147.0
7369,147.0
7370,147.0
7371,147.0
7372,147.0
7373,145.75
7374,144.75
7375,144.75
7376,144.25
7377,144.25
7378,144.25
7379,142.75
7380,142.75
7381,142.25
7382,142.25
7383,144.5
7384,145.5
7385,145.5
7386,144.25
7387,144.25
7388,144.25
7389,142.75
7390,142.75
7391,144.5
7392,144.5
7393,144.5
7394,147.0
7395,147.0
7396,146.0
7397,146.0
7398,146.0
7399,148.0
7400,148.0
7401,149.75
7402,149.75
7403,150.0
7404,148.75
7405,148.75
7406,147.75
7407,147.75
7408,147.75
7409,146.5
7410,146.5
7411,147.0
7412,147.0
7413,147.25
7414,147.75
7415,147.75
7416,148.0
7417,148.0
7418,148.0
7419,149.0
7420,149.0
7421,147.75
7422,147.75
7423,147.75
7424,148.25
7425,148.25
7426,148.25
7427,147.25
7428,147.25
7429,148.0
7430,148.0
7431,148.0
7432,146.0
7433,146.0
7434,147.5
7435,148.0
7436,148.0
7437,148.0
7438,147.75
7439,147.75
7440,147.75
7441,149.5
7442,149.5
7443,150.25
7444,150.5
7445,150.5
7446,150.0
7447,150.0
7448,150.0
7449,149.25
7450,149.25
7451,149.5
7452,149.75
7453,149.75
7454,149.75
7455,149.75
7456,149.75
7457,147.75
7458,147.75
7459,148.0
7460,147.75
7461,147.75
7462,148.25
7463,148.25
7464,148.25
7465,147.75
7466,147.75
7467,147.75
7468,150.0
7469,150.0
7470,149.5
7471,149.5
7472,148.75
7473,148.75
7474,148.0
7475,147.0
7476,147.0
7477,147.0
7478,147.0
7479,147.0
7480,148.25
7481,147.75
7482,147.75
7483,147.75
7484,147.75
7485,147.5
7486,148.0
7487,148.0
7488,148.0
7489,148.0
7490,148.0
7491,146.5
7492,146.5
7493,146.75
7494,146.75
7495,147.25
7496,147.25
7497,147.75
7498,145.25
7499,145.25
7500,145.25
7501,144.75
7502,144.75
7503,144.75
7504,145.5
7505,145.5
7506,146.0
7507,146.0
7508,146.5
7509,147.25
7510,147.25
7511,147.25
7512,147.25
7513,147.25
7514,149.5
7515,147.5
7516,147.5
7517,147.75
7518,147.75
7519,147.0
7520,147.0
7521,147.0
7522,147.0
7523,147.0
7524,145.75
7525,145.75
7526,146.5
7527,146.25
7528,146.25
7529,147.0
7530,147.0
7531,147.0
7532,146.25
7533,146.25
7534,146.5
7535,147.75
7536,147.75
7537,147.5
7538,147.5
7539,147.5
7540,147.5
7541,149.25
7542,149.25
7543,150.25
7544,150.25
7545,151.0
7546,151.0
7547,151.0
7548,147.75
7549,147.75
7550,147.5
7551,147.5
7552,147.5
7553,147.5
7554,145.75
7555,145.75
7556,145.0
7557,145.0
7558,144.5
7559,144.5
7560,144.5
7561,145.75
7562,145.75
7563,145.25
7564,145.25
7565,145.25
7566,145.75
7567,145.75
7568,145.75
7569,145.75
7570,144.0
7571,142.75
7572,142.75
7573,143.5
7574,143.5
7575,144.0
7576,143.75
7577,143.75
7578,143.75
7579,143.0
7580,143.0
7581,143.0
7582,143.0
7583,143.0
7584,143.0
7585,143.0
7586,143.0
7587,143.0
7588,143.0
7589,143.0
7590,146.5
7591,146.5
7592,148.75
7593,149.25
7594,149.25
7595,149.5
7596,149.5
7597,149.5
7598,149.75
7599,149.5
7600,149.5
7601,145.75
7602,145.75
7603,144.0
7604,143.5
7605,143.5
7606,143.5
7607,143.0
7608,142.5
7609,142.5
7610,142.25
7611,142.25
7612,142.25
7613,141.25
7614,141.25
7615,139.75
7616,139.75
7617,140.0
7618,140.0
7619,141.75
7620,141.75
7621,142.5
7622,142.5
7623,141.0
7624,141.0
7625,143.25
7626,144.5
7627,144.5
7628,145.0
7629,145.0
7630,145.75
7631,146.75
7632,146.75
7633,148.0
7634,148.0
7635,148.5
7636,148.5
7637,149.0
7638,149.0
7639,150.0
7640,151.0
7641,151.0
7642,151.0
7643,148.25
7644,148.25
7645,148.25
7646,148.25
7647,148.5
7648,148.5
7649,146.75
7650,146.75
7651,147.5
7652,146.5
7653,146.5
7654,145.5
7655,145.5
7656,144.75
7657,144.75
7658,144.75
7659,145.25
7660,145.25
7661,145.5
7662,145.25
7663,145.25
7664,145.25
7665,145.25
7666,145.25
7667,145.25
7668,145.25
7669,144.5
7670,144.5
7671,144.5
7672,143.75
7673,143.75
7674,142.0
7675,142.0
7676,142.75
7677,142.75
7678,143.0
7679,143.5
7680,143.5
7681,143.5
7682,144.75
7683,144.75
7684,144.75
7685,145.0
7686,145.0
7687,145.25
7688,145.25
7689,144.75
7690,141.0
7691,141.0
7692,139.5
7693,139.5
7694,138.5
7695,138.75
7696,138.75
7697,139.5
7698,139.5
7699,142.25
7700,142.25
7701,144.0
7702,144.0
7703,146.0
7704,146.0
7705,146.5
7706,146.5
7707,144.25
7708,144.25
7709,144.25
7710,141.5
7711,141.5
7712,146.75
7713,146.75
7714,145.5
7715,145.5
7716,145.75
7717,146.75
7718,146.75
7719,146.75
7720,146.75
7721,146.75
7722,145.75
7723,145.75
7724,144.25
7725,144.25
7726,143.5
7727,144.0
7728,144.0
7729,144.0
7730,146.75
7731,146.75
7732,148.25
7733,148.25
7734,149.75
7735,149.75
7736,150.25
7737,150.25
7738,150.25
7739,150.25
7740,150.25
7741,150.25
7742,150.25
7743,150.25
7744,150.25
7745,150.25
7746,150.25
7747,155.3125
7748,160.375
7749,165.4375
7750,170.5
7751,170.5
7752,170.5
7753,170.5
7754,170.5
7755,170.5
7756,170.5
7757,170.5
7758,170.5
